書籍タイトル,要約
10年変革シナリオ　時間軸のトランスフォーメーション戦略,つまり持続的イノベーションと破壊的イノベーションを両立させ、２つの異なる時間軸で異なるコア事業を創造し続けることが、経営としてのミッションとなる。。①コア事業のディフェンス（投資を抑え、今の事業で徹底して稼げる構造に改革する） ②次の周辺収益事業群の構築（比較的短中期でリターンを生み出すことが可能な、強みが活かせる周辺領域への投資。長期の投資を途切れさせない、次のキャッシュを生み出す領域を創る） ③将来の持続的な成長基盤の創造（新たなケイパビリティの獲得、未来の持続的な成長の基盤を支える将来のコア事業候補へのＲ＆Ｄや機会探索・獲得的な先行投資を続ける）。こうした大きな事業構造の変化は、成果が...
7 POWERS――最強企業を生む７つの戦略,即時対応してくれる羅針盤の役割を果たすために、「戦略」の構想は「単純だが、単純すぎない」ものでなくてはならない。単純であれば、そのコンセプトを日々意識することができる。しかし単純すぎると、重要な要素を取りこぼしてしまうおそれがある。とはいえ、言うは易く行うは難し。「戦略」という難問において、「単純だが、単純すぎない」ということは高いハードルなのだ。。ネットフリックスはそれ以前にもレッド・エンベロープ・エンタテインメントという映像プロダクションを設立し、そこでオリジナル作品を制作したことがあったが、その結果は芳しくなかった。そのため、再度の制作への挑戦も無謀な作戦に終わるかもしれないと危惧された...
Anthro Vision（アンソロ・ビジョン）　人類学的思考で視るビジネスと世界 (日本経済新聞出版),これまで私たちが世界を理解するために使ってきたツールの多くは、どう見てもうまく機能していない。近年、経済予測、選挙の世論調査、金融モデルは当たらず、テクノロジー・イノベーションは危険をはらみ、消費者調査は判断を誤らせる。こうした問題が生じるのはツールが間違っている、あるいは役に立たないためではない。ツールが 不完全 であるためだ。視野が狭く、世界はごくわずかな変数で分類・把握できるという前提に基づいて設計され、文化やコンテクスト（文脈、背景）に配慮せずに使われるからだ。。何を「エキゾチック」と思うかは、その人次第だ。 あらゆる 文化は他の文化から見れば異質である。。人類学者のラルフ・リントンは...
BCG 次の10年で勝つ経営 企業のパーパス(存在意義)に立ち還る (日本経済新聞出版),企業経営者にとっては、もはや共通のニーズを持つ「マスマーケット」はグローバル市場単位では存在せず、どの地域の誰をターゲットにビジネスを展開するかの判断が従来以上に重要になる。。先進国の経済成長の鈍化傾向が続くなか、金融市場の大幅な資金余剰の状況が今後も継続すると考えられる。 ２０１９年末現在、世界のマネーサプライの指標（広義流動性のＧＤＰ比率）は２００８年の１００％から２０１８年の１２４％にまで拡大している（図表１－13）。経済の低成長が続くなかで、各国の金融当局は２０１９年末現在で当面は金融緩和姿勢の継続を示しており、こうした資金余剰状況は今後も強まると思われる。。ビジネスにおける想定外を...
BRAND STORY TELLING　ブランドストーリーのつくりかた,マーケターであるならば、顧客が何かを買うときに下す決断は理性的ではないことをよく知っているはずです。感情的な決断がまずあり、それを理論で正当化しようとする。ストーリーテリングは、他のコミュニケーション方法と比べて、顧客がコンテンツについての情報を受け取りやすく、そして、覚えやすくします。 感情とその情報をつなぎ合わせることに長けている のです。。「ストーリーテリングとは、登場人物、プロット、結末の提示により、情報（意見、宣言、事実、データ、アイディア、議論など）を、感情を介して移行することである」。ストーリーを実際につくり出す前にすべきことがあります。登場人物は誰で、この人たちに何が起こり、...
Build: An Unorthodox Guide to Making Things Worth Making (English Edition),"Early adulthood is about watching your dreams go up in flames and learning as much as you can from the ashes. Do, fail, learn. The rest will follow.。“The only failure in your twenties is inaction. The rest is trial and error.”。Humans learn through productive struggle, by trying it themselves and scr..."
CFO思考――日本企業最大の「欠落」とその処方箋,ＩＲで海外投資家などと面談した際、彼らから「ＲＯＥ目標は？」などと聞かれるたびに、「その問いに答える前に、当社の資本コストはどの程度と考えているか？」と逆質問してきました。この問いは、「あなたは、当社株への投資から何％のリターンを期待しているのか？」という質問と近似であり、少しも変な問いかけではありません。 投資家からの回答は、７％から９％が大半で、ＭＵＦＧでもニコンでもさほど変わらないのが実態です。。２０２２年現在、ＡＳＭＬの時価総額は２６４２・２億ドル。日本のトヨタ自動車の２７４２・５億ドルとほぼ同じで、時価総額ランキングは世界 32 位。 29 位のトヨタとほぼ並んでいます。オランダの企...
HIGH OUTPUT MANAGEMENT,すなわち、「マネジャーのアウトプットとは、その直後の監督下にあったり、または影響下にある組織体のアウトプットである」。。マネジャーのアウトプットとは、監督下にあるグループ、あるいは影響力下にあるグループが遂行した成果。マネジャーは多くのボールを同時に空中に上げておき、自分の部門のアウトプットを最高に上げると思われる活動に自分のエネルギーと注意を注がなければならない。いいかえれば、自分の〝テコ作用〟が最大となりそうな点に移るべきなのである。。マネジメントの〝 技術〟というのは、一見比較してみて同じくらいの重要度を持つ多くの活動から、テコ作用の優れたものをひとつ、２つ、あるいはせいぜい３つほど選び...
Hit Refresh（ヒット リフレッシュ）,「マイクロソフトの存在理由は何か？この新たな役職での私の存在理由は何か？」 これは、あらゆる組織のあらゆる人間が自らに問うべきことだ。この問いにはっきりと答えることができなければ、過ちを繰り返す恐れがあるうえに、誠実でもない。もはや、あらゆる人間、あらゆる組織、あらゆる社会が、「リフレッシュ」ボタンを押すべき時期に来ている。それぞれの目的を再び活性化し、再生させ、再構成し、再考すべき時である。。う。彼の行動は、リーダーシップがどうあるべきかを示している。つまり、全員からベストを引き出すということだ。この出来事を通じて私は、リーダーが口を出すべきタイミング、個人やチームの自信を高めるべきタイ...
INNOVATION STACK　だれにも真似できないビジネスを創る,どんな市場でも、いちばんおもしろいのはその果てにある端っこの部分だ。どうして市場はそこで止まるのか？ お金があれば製品を買いそうな顧客はたくさんいるのに、買ってくれない。そして、利益が出ればそうした消費者に製品を売りたくてたまらない企業も、たぶんたくさんある。でもどこかの店で、市場はパタッと止まる。そこはまた、起業家精神の出発点でもある。。ある問題を解決するときの問題は、それが新しい問題を創り出し、新しいソリューションが必要になって、そのソリューションがさらに新しい問題を創り出すということだ。この問題─ソリューション─問題の連鎖が続くうちに、やがて次のどちらかが起こる。問題の解決に失敗して死ぬ...
INSPIRED 熱狂させる製品を生み出すプロダクトマネジメント,とにかく、製品開発に関する最も重要な教訓の１つは、何が知り得ないかを知ることだ。そして、この段階ではどれだけの利益を上げられるかわからないのだ。。MVPのPが製品（product）を指すのに対して、MVPは決して実際の製品ではないことにあると私は考えている（。MVPはプロトタイプであって製品ではない。 知識を得るために実際の製品と同じ品質のものを作るのは、たとえ最小限の機能に抑えたとしても相当な時間と費用の浪費であり、言うまでもなくリーンとは対極にある。 私は、より一般的な「プロトタイプ」という言葉を使うことで、この重要な点が製品開発チームにも、企業にも、将来の顧客にも明確になると考えている。...
NEW SALES――新時代の営業に必要な7つの原則,商談の流れに沿って「状況質問（Situation）」「問題質問（Problem）」「示唆質問（Implication）」「解決質問（Need-Payoff）」という４つの質問を組み合わせることによって、「ソリューション営業」を推進するというメソッドが SPIN 営業術です。 例えば、教育研修の営業をする場合は、 SPIN 営業術だと次のような流れで進みます。 状況質問（Ｓ） 「どのような教育研修を実施していますか？」 問題質問（Ｐ） 「現在、実施している教育研修で改善したいことはありますか？」 示唆質問（Ｉ） 「一方通行の講義だと、参加者が十分に内容を理解できないまま進んでしまいませんか？」...
NEXUS 情報の人類史 上　人間のネットワーク,一人ひとりの人間はたいてい自分や世界についての真実を知ることに関心があるのに対して、大規模なネットワークは虚構や空想に頼ってメンバーを束ね、秩序を生み出す。。歴史は過去の研究ではない。変化の研究だ。歴史は、何が変わらず、何が変化し、物事がどのように変化するかを教えてくれる。。良くも悪くも、シリコンチップは、炭素ベースのニューロン（神経細胞）が課されている有機生化学的制約の多くを免れる。。要するに、情報は現実を表示しているときもあれば、そうでないときもある。だが、情報はつねに人や物事を結びつける。これが情報の基本的な特徴だ。したがって、歴史における情報の役割を考察するときには、「どれだけうまく現...
NO RULES(ノー・ルールズ) 世界一「自由」な会社、NETFLIX (日本経済新聞出版),ここでカギとなるのが、フィードバックを受け取るときのふるまいだ。あらゆる批判に感謝を述べ、そして一番大事なこととして「帰属のシグナル」を頻繁に発することで、部下にフィードバックを与えても大丈夫だと感じてもらう必要がある。。フィードバックのガイドライン「４Ａ」。が「コントロール（規則）ではなくコンテキスト（条件）によるマネジメント」。ボーナスという仕組みそのものが「未来は予測可能であり、ある時点で設定した目標はその後も重要であり続ける」という前提に基づいていることを学んだ。しかし急激な環境変化に対応して迅速に会社の方向を修正しなければならないネットフリックスにおいて、社員の 12 月のボーナスを...
PIXAR 〈ピクサー〉 世界一のアニメーション企業の今まで語られなかったお金の話,むしろ、プレートのぶつかり合いで山脈が生まれる様子に近い。プレートの片方は、イノベーション圧の高まりだ。つまり、美術的・創造的にすばらしい物語を求める流れと、それを表現する新しい媒体であるコンピューターアニメーションの創出である。もう片方は、生き残らなければならないという現実世界のプレッシャーだ。具体的には資金の調達、映画チケットの販売、制作のペースアップなどである。このふたつの力が絶えずぶつかり合い、あちらでもこちらでも地震や余震が発生した。
PLG　プロダクト・レッド・グロース「セールスがプロダクトを売る時代」から「プロダクトでプロダクトを売る時代」へ,プロダクトを購入するシーンを想像してほしい。望ましいのは次のどちらだろうか。 ・購入する前に、実際に見て、使ってみる ・長々としたセールスプロセスに沿ってニーズに合うか確認する 自分でプロダクトを試したいという方が大半ではないだろうか。。とおり、「そのプロダクトを売るのにお金がかかればかかるほど、ユーザーはそれを買うのにもさらにお金が必要となる」。つまり、セールス主導型の戦略だと、プロダクトの価値とは関係のないコストを消費者に押し付けることになるのだ。。プロフィットウェルの調査によると、７割もの企業がプライシング調査を行っていないという［ 19］。巷には、憶測だけで設定された価格が...
RANGE（レンジ）　知識の「幅」が最強の武器になる,一つの領域内で取り組む課題を大幅に多様なものにすること。そして、デーンの共同研究者の言葉を借りると「片足を別の世界に置いておくこと（注 37 ③）」だ。。成功した人たちは、ある分野で得た知識を別の分野に応用するのがうまく、また、「認知的定着」を避けるのも上手だった。彼らはホガースが言うところの「遮断装置」を用いていた。つまり、外部の経験や例を活用して、もはや効果がないかもしれない従来の解決方法に依存する傾向を遮断していた。。彼らは、昔ながらのパターンを「避ける」スキルを持っていた。問題が曖昧で、明確なルールがない「意地悪な」世界では、「幅（レンジ）」が人生を生産的、かつ効率的にするための術とな...
SONY 平井改革の1500日 (日本経済新聞出版),吉田は経営者の心構えをこう説く。「トップマネジメントの仕事はソネット時代から３つしかないと考えている。方向性を出すこと、そして責任をとること、最後は人事。ほかは大体、人に任せる。考えなければならないことはたくさんある」。。Ｚｅｐｐのライブ会場はステージサイズや証明・音響設備などがほぼ規格化されて整備されている。様々な形や大きさの既存のホールツアーでは、実はライブにかかる費用や時間は大きい。音響設備やスピーカー、設営にかかるスタッフなど、制作費はばかにならない。Ｚｅｐｐモデルは、アーティストはライブの制作費のほか、ツアーの手間暇などのコストを軽減できるわけ。の場合、会場に機材がある程度そろってい...
THE MODEL（MarkeZine BOOKS） マーケティング・インサイドセールス・営業・カスタマーサクセスの共業プロセス,「今は業界トップクラスの営業は、なかなかうちに入社してくれない。業界未経験者を採用して、まずＳＲ（現在のインサイドセールス） の仕事をしてもらう。相手はある程度うちのことを認知していて、何かしらの課題を持っているから、未経験者でも話はしやすい。とにかく数多くの見込客と話すことで製品知識、ヒアリング能力、オブジェクションハンドリングなど基本的な営業スキルを身につけることができる。。難しい。分業体制のメリットは、最終的な売上だけを見るのではなく、 各プロセスを担う部門のパフォーマンスを評価する中間指標を設定し、どこがボトルネックなのかを把握し、すぐに対策が打てる ということにある。。つまり、顧客は...
THE NEXT BIG THING スティーブ・ジョブズと日本の環太平洋創作戦記,Ｍａｃを客に売ったら、ソフトが売れない。拡張スロットがないから、周辺機器も売れない。だから、販売店は客にＩＢＭ ＰＣを薦めてばかりいる。それが調査の報告だった。サードパーティの利益を軽視したジョブズは、エコシステムの構築に失敗したのである。。ＣＥＲＮ研究所では、ふたりと同い年のティム・バーナーズ゠リーがその黒いキューブを使ってＷＷＷ（ワールドワイドウェブ） を生み出していた。リーは、わずか二ヶ月で世界初のウェブ・ブラウザとウェブ・サーバーのプログラムを書きあげた。すべてネクストのオブジェクト指向の開発環境のおかげだという。 「もしネクスト・キューブがなかったら、ＷＷＷの開発にあと数年はかかっ...
Talent Wins(タレント・ウィンズ) 人材ファーストの企業戦略 (日本経済新聞出版),ＣＥＯは自社のトップレベルのトップ人材（会社の上層部にいる人材のことではない）をリストアップし、そこに並ぶ社員のことを深く理解しなければならない。このようなただの〝リスト〟を〝ツール〟と見なすのは妙に思えるかもしれないが、そのリストに載っている人材は正しく活用すれば投資に対する効果がとてつもなく高い人材である。我々はこうした人材を〈クリティカル２％〉と呼んでいる。
Who You Are（フーユーアー）君の真の言葉と行動こそが困難を生き抜くチームをつくる,だ。トップがいないところで人々がどんな判断をするかこそが、企業文化というものだ。。社員が日々の問題解決に使う一連の前提が、企業文化だ。誰も見ていないときにどう行動するかが、企業文化なのだ。。そこで働いていたときにどんな気分になったかや、そこで働いたことで自分がどんな人間になったかはいつまでも残る。社員の心から離れないことがひとつあるとしたら、それはその会社特有の気質と気風だろう。。人間が触れ合うときに必要なコミュニケーションの量は、信頼の量に反比例する」。組織の誰もが「どうしてだ？」と思うことに対して、どう答えるかで文化が決まる。。優れた文化をつくるということは、状況に合わせて自分たちを変える...
"Zero to One: Notes on Startups, or How to Build the Future (English Edition)","If you are copying these guys, you aren’t learning from them.。we rewrite the plan of the world.。successful people find value in unexpected places, and they do this by thinking about business from first principles instead of formulas.。beyond the tracks laid down by academic specialties。“What importan..."
「19世紀」でわかる世界史講義,客観的な歴史などというものは、基本的に存在しません。歴史家は、自らが生きた時代の風潮の中で、一種の物語を描くのです。ところが現在のわれわれは、歴史に客観性を求めようとして、いつのまにか事実の羅列を行なうようになっています。。もっとも、西欧の世界史の概念からすると、資本主義が発展していなければ世界史ではないということになります。なぜ資本主義の発展が世界史の条件として必要かといえば、世界を結び付けるものが経済だからで、貿易を通じて世界は動いていると考えるからです。貿易は世界のすみずみまで結び付けます。。東欧諸国は、第一次世界大戦が終わった後に成立しました。言い換えれば、第一次世界大戦後のヴェルサイ...
「何回説明しても伝わらない」はなぜ起こるのか？　認知科学が教えるコミュニケーションの本質と解決策,「人は、何をどう聞き逃し、都合よく解釈し、誤解し、忘れるのか」を知ること。 そして、そうした特徴を持つ人間同士が、 それでも伝え合えるように考えること が、「いいコミュニケーション」の実現には不可欠です。。「人は、何をどう聞き逃し、都合よく解釈し、誤解し、忘れるのか」を知ること。 そして、そうした特徴を持つ人間同士が、 それでも伝え合えるように考えること が、「いいコミュニケーション」の実現には不可欠です。。 言語は意図のすべてをそのまま表現できるわけではない、つねに受け取り手によって解釈され、解釈されて初めて意味あることとして伝わる のです。言葉を発した人が込めた思いと、相手の解釈が大きく...
「価値」こそがすべて！―ハーバード・ビジネス・スクール教授の戦略講義,バリューベース戦略の考え方では、価格はＷＴＰの決定要因ではありません。私たちはよくＷＴＰと価格を同じ意味で使用します。しかし、この２つは分けて考えるほうが有益です。。バリュースティックの下限では、報酬とＷＴＳの差は、仕事から得られる満足度を示しています。考え方は単純です。もし報酬が正確にＷＴＳと同じ水準に設定されていれば、従業員はこの仕事と次善の機会（おそらく別の仕事かレジャー）のどちらを選択してもよいことになります。もし企業がＷＴＳ以上の報酬を支払えば、従業員の満足度は向上します。。しばしば顧客が価格に敏感であることに不満を漏らす経営者に出会うことがあります。しかし、価格に対する感度の高さは...
「最強」ソリューション戦略 (日本経済新聞出版),つまり、ソリューション提案をすることとは、「詳しくない顧客に、詳しい情報を持った売り手が提案すること」であり、「売り手が知っていて顧客が知らない情報を基に、潜在ニーズを探索し提案をすること」なのです。。ソリューション活動とは、この情報ギャップを埋める活動なのです。具体的には、売り手であるあなたが顧客から様々な情報を収集し、顧客が持っている潜在ニーズを推測し、自社のトラックをどう使えば役立ち度が向上するかについて、顧客に考えさせるのではなく、あなた自身が考え提案する必要があるのです。。重要なのは、顧客が気づいていない潜在ニーズを探し出し、情報ギャップの状態を作り出し、ソリューション活動でそれを埋...
「組織と人数」の絶対法則―人間関係を支配する「ダンバー数」のすごい力,組織とは、共通の目的の下に結束していることが望ましいものの、ある時点においてそれぞれ大きく異なる理由からたまたま集まっているだけのことも少なくない人々の集合体である。。組織とは、共通の目的の下に結束していることが望ましいものの、ある時点においてそれぞれ大きく異なる理由からたまたま集まっているだけのことも少なくない人々の集合体である。。リーダーシップが求められる立場にいる人がその地位にいるのは、たいていは目的意識や強い野心があったからというより、結果的にそうなっただけだ。。リーダーシップが求められる立場にいる人がその地位にいるのは、たいていは目的意識や強い野心があったからというより、結果的にそう...
「覇権」で読み解けば世界史がわかる (祥伝社黄金文庫),じつは、民主政は平時にはうまく機能しますが、非常時になるとたちまち機能停止してしまうという致命的欠陥があります。 逆に、独裁政は非常時にはうまく機能しますが、平時にはその弊害の方が大きい。 つまり、民主政と独裁政は「けっして両立し得ない対立したシステム」ではなく、「２つでひとつ」、お互いに 欠点 をうまく 補い合って初めて政治はうまく機能するのです。。この事実をよく理解できていたラテン人は、平時には民主政を徹底させつつも、非常時には「 独裁官」という非常官を設置して臨時に独裁政を認めます。。市民は 貴族・平民 の区別なく参戦義務がありましたから、 平民 の生活を安定させてやることで初めて彼...
いのちの車窓から【電子特典付き】 (角川文庫),現在という名の適度な重さの野球ボールを、その辛い期間が終わった随分先にいる自分へ届くように思いっきり高く、遠くに投げるように想像する。。作家のキャリアに関係なく、文章力を自分の欲望の発散のために使うのではなく、エゴやナルシシズムを削ぎ落とすために使っている人。それが、僕の思う「文章のうまい人」です。
いまだ成らず 羽生善治の譜 (文春e-book),ただ谷川が刮目したのは局面を動かしたその手と同時に、このタイトル戦を通しての羽生の姿であった。羽生は明らかにＡＩ研究による最新型を自分の中に吸収していた。その上であえてＡＩ研究にはない型を採用していた。掛川での第一局から感じていたことだった。つまり時代の波に乗るだけでなく、それを自分のものとし、核心を求めて深部に分け入っていこうとしていた。。「ここ三年は七冠がとりあえず大きな目標でした。ただ、七冠を意識すると自分の自由な将棋を指せない。勝負に拘ってしまうので。これを機に解放できればと思っています」 羽生はそう言った。まるで、勝利至上のくびきから解放されたこれからが本当の冒険なのだと言っている...
うしろめたさの人類学,構築主義という考え方がある。何事も最初から本質的な性質を備えているわけではなく、さまざまな作用のなかでそう構築されてきた、と考える視点だ。よくあげられる例は、「ジェンダー」だろう。男性は生まれたときから「男らしさ」をもっているわけではない。社会の制度や習慣などによって「男らしさ」を身につけてきた。だから「男らしさ」は社会的に構築されてきた。そう考える。。ぼくらは、人にいろんなモノを与え、与えられながら、ある関係の「かたち」をつくりだす。そして同時に、その関係／つながりをとおして、ある精神や感情をもった存在になることができる。つまり関係の束としての「社会」は、モノや行為を介した人と人との関わ...
くもをさがす,がんに 罹った人は、原因を考えてしまうそうだ。暴飲暴食が悪かったんだ、睡眠不足が悪かったんだ、仕事のストレスが悪かったんだ、果ては水子の供養をしていなかったからだ、墓参りをしていなかったからだ、まで、様々に。 でも、それは誰にでも起こる。。死は、私たちが呼吸をしているすぐそばにある。まるっきり 無垢 な、自然な 佇まいでそこにあるものだから、私たちはよく、それを見過ごす。。歩く速度で走りながら、私は自分の寂しさを見つめた。寂しさはやはり鋭く、見つめることは痛みを伴った。病気に罹らなくても、いずれこの寂しさと、私たちは対峙しなければならない。老いてゆくとはそういうことだ。昨日まで出来ていたこと...
すべては1人から始まる――ビッグアイデアに向かって人と組織が動き出す「ソース原理」の力,カーニックはビジョンを実現する方法について何百人ものクリエイティブな人と対話し、人の活動に関する新しい視点をつくり上げた。その核となっているのが、 組織そのものではなく、その奥にある「アイデアを実現するという創造的なプロセス」に焦点を当てる こと、そして、そのプロセスにおいて1人の人物が特別に持つオーサーシップや責任──カーニックの言う「ソース」の役割 ──を認識することだ。。これは何らかのプロセスを経て「任命」できるようなものでもないが、家族における母親のように、誰がその役を担っているかを簡単に把握することができる。 ソースの役割は、1人の個人が、傷つくかもしれないリスクを負いながら最初の...
とにかく仕組み化――人の上に立ち続けるための思考法,ルールを正しく取り扱う仕組みがないから、「理不尽なルール」と思われてしまうのです。 仕組みの考えは、そうやって使われるべきです。 過去に作られて形骸化したルールを、もっと大きな仕組みの枠組みによってアップデートしていく。 その責任をとるべき人が、人の上に立つべきなのです。。さて、新しい仕組みを取り入れるとき、必ず反発は起こります。 政治でも、１００％全員が満足できる政策はありません。 どこかで「線引き」が必要になります。 会社での判断軸は、１つです。 「ちゃんと成長したい人が成長できるかどうか」 それだけです。。おかしな部分があるなら、変えればいい。 人の上に立つなら、主語は絶対に「私」である...
なぜ、TikTokは世界一になれたのか？,ジョアンは当時の苛立ちをこう振り返る。 「誰もがその技術はすばらしいと思っていましたが、技術が成功にどれだけ関係しているでしょう？その技術を使っていない既存のポータルも、ユーザーのニーズを十分に満たしている。だから彼ら（投資家） は、その技術がユーザーにもたらす価値やメリットはそれほど大きなものなのかと疑問視するんです」。 中国のベンチャー投資家は誰も、そのモデルの真の可能性を理解もしていなければ、情報流通に機械学習を応用したときにどれほどの威力を発揮するかを予見できてもいなかった。。インターネット上で訪問者数が３番目に多いサイトにもかかわらず、「ホームページであるYouTube.comは...
なぜ、世界のエリートはどんなに忙しくても美術館に行くのか？,アート作品を鑑賞することは、正解がない問いに主体的に取り組み、自分なりに答えを導き出すという行為でもあります。 アートは、「私たちに何かを教える」のではなく、「私たちが学ぶことを促す」 のです。
なぜ世界はそう見えるのか,こうした発達上の 偏り が原因で起きるのが、「他人種効果」だ。異なる民族に属する人の顔は想起や識別がしづらいという、広く研究されているパターンである。まるで社会的カテゴリーが知覚と記憶力に不透明なフィルターをかけてでもいるかのように、社会的知覚が狭まるらしいのだ。。対極の政治思想を持つ人々は、同じ社会的事象が起きている同一の物理的世界に暮らしているように見えて、じつはそれぞれ天と地ほどにかけ離れた主観的経験をくぐっているのである。。人間は個人的な心的経験を物理的世界に投影しており、じつは自らの心的経験であるものを物理的世界であると思い違えている。。常識は私たちに、見たままが世界だ、私たちの経...
なぜ働いていると本が読めなくなるのか (集英社新書),そんな明治時代初期に読書界に起きた革命と言えば、「黙読」が誕生したことだ。 江戸時代、読書といえば朗読（！） だったのだ。。黙読は日本語の表記も変えた。黙読の普及によって「もっと目で読みやすい表記をつくり出す」という目標が出版界に生まれた。そうして普及したのが句読点である。句読点の使用が急速に増加したのは明治 10 年代後半～ 20 年代のことだった。。さらに大正時代、出版界において現代にまで続く再販制――再販売価格維持制度が導入され始めた。これは出版社側が定価を決定する制度で、これによって客に本が値切られることがなくなる、画期的な制度だった。さらに委託制度が広まり、書店は売れる見込みのある...
なぜ私たちは燃え尽きてしまうのか,バーンアウトしていると発言することは、人はつねに働いていなければいけないというアメリカ人の理想を自分は実践している、と主張することでもあるのだ。。二〇一一年、彼はドイツのシュピーゲル誌で「バーンアウトについて語るのはまったく無益」と言い、「なぜならバーンアウトは、日常的な疲労を意味するときもあれば、生命を脅かす深刻な抑うつ症状も意味するときもあるからだ。そのせいで、バーンアウトという概念はうつ病の矮小化につながってしまう」と語っている 36。。労働を過剰に評価するこの社会では、バーンアウトに陥っていると言えば仕事に没頭している証となり、一定の地位を得ることができる。そう、バーンアウトしていると...
はじめての構造主義 (講談社現代新書),世界のあり方は、言語と無関係でなく、どうしても言語に依存してしまうのである。われわれはつい、言語と無関係に、世界ははじめから個々の事物（言語の指示対象） に区分されているもの、と思いこみがちだ。ところが、そんなことはないので、言語が異なれば、世界の区切り方も当然異なるのだ。。人間の精神生活が豊かなのは、いまのべた、言語の恣意性と深い関係がある。言葉が何を指し、何を意味するかは、言語のシステム内部で決まることであって、物質世界と直接に結びつかない。つまり、物質世界のあり方とは独立に、言語のシステム（ひいては文化のシステム） を複雑化し、洗練していく 途 が開かれている。人類はそうやって、感性や思...
ほんとうの構造主義　言語・権力・主体 ＮＨＫブックス,統一のとれた身体をもつ分割不可能な自立した個人や自己を初めに想定するのではなく、人間の根源にまでさかのぼり、周囲の世界やそこにある物＝者（これらを総称して以降「他者」と呼ぶ）を内部にとり込む、あるいはそれらと一体化するというように、他者を巻き込み他者に巻き込まれるというかかわりの中で、主体や自己が形成されると考える思想。それが構造主義である。構造主義は常識を覆す。。統一のとれた身体をもつ分割不可能な自立した個人や自己を初めに想定するのではなく、人間の根源にまでさかのぼり、周囲の世界やそこにある物＝者（これらを総称して以降「他者」と呼ぶ）を内部にとり込む、あるいはそれらと一体化するというよう...
みる　わかる　伝える (講談社文庫),本書で扱う「みる」は視覚だけではなく、聴覚・嗅覚・味覚・触覚などの五感をフルに使い、目的意識をもって「みる」ことを指す。
もっと早く、もっと楽しく、仕事の成果をあげる法 知恵がどんどん湧く「戦略的思考力」を身につけよ,ず、デキるビジネスマンたる者は、少なく覚えて広く応用できるような、汎用性のあるノウハウを身につけることだ。私たちには避けられない時間的な制約があるから、これがビジネスの鉄則でもある。。しかし、経営者の役割は他にもいろいろある。たとえば、起きてしまった矛盾を解決するというのも、決断に負けないくらい重要な役割だ。 これとこれはそもそも両立しないがともに大切だとか、トレードオフが必要だと二者択一を迫られたりしたときなどに、これをどううまくさばくかで経営者の手腕が問われることになる。そんなとき、どうやら経営者というのは、 ① 腹をくくる（決断する） ② 抜け道を探す このどちらか、もしくは両方...
わが投資術　市場は誰に微笑むか,平たく言えば、「自分の考えはみんなと同じ」なら投資のアイデアにはなりません。「自分の考えはみんなと違う」時に投資のアイデアになるのです。。株式市場で人気の圏外にある「割安小型株」は株式市場での参加者が少ない（というか投資家に無視されている銘柄が多い）ので、「何が株価に織り込まれているか」が比較的簡単にわかります。。アナリストは「10％増益が株価に織り込まれている」とか平気で言いますが、大型株については「株価に何が織り込まれているか」なんてそう簡単にわかるものではないですよ。これも我々が小型株投資を選好してきた理由の一つかもしれません。。「投資のアイデアを探す」ということは「株価に織り込まれてい...
アフターデジタル２ ＵＸと自由,データを持っていてもそのままではまったくお金にならないことを理解する必要があります。データをそのままお金に換えるという考え方ではなく、どのようにUXに還元し、ユーザーに価値を提供するか、という考え方でないと、日本はテクノロジーの恩恵を受けられず、国際的な競争力を失ってしまいます。。日常的にユーザーに価値を提供でき、高頻度かつ定常的にユーザーの状況を把握できる形式のビジネス。テンセントは、「お金の受け取り一つにもコミュニケーションが発生する」と考え、日本でよく行われる「財布を出すポーズ」をデジタル上でできるようにしたのです。「。そのサービスや商品に関わる接点はいつもそのコンセプトにまとめられてお...
アマゾンと物流大戦争 (ＮＨＫ出版新書),カクヤスは１店舗あたり１・２キロメートル半径商圏というロジスティクスを見つけ出しました。。カクヤスのビジネスをより深く理解するため、ここで物流用語を１つ覚えていただきたいと思います。「ストックポイント（ stock point）」です。英語でストックは在庫、ポイントは地点を指しますが、配送のために在庫を置いておく場所のことを意味し、多くの場合はピッキングから出荷までの基本的な物流機能を備えています。。ヤマト運輸、佐川急便、日本郵便の３強による寡占化が進み、上位３社の合計は 92・５％にも達します。。例えば、米国ではＵＰＳやフェデックスでしか実現していなかった日祝配送を、アマゾンがＵＳＰＳで実施...
アンビシャス　北海道にボールパークを創った男たち (文春e-book),「夢には日付を書かなければならない」 前沢はそう言った。二〇二三年春の開場──そのための約三年間の工期──そのための二〇一八年三月の建設地決定──いざ実現へ向けて走り出してみれば、未来に置かれたそれらのマイルストーンだけが確かなものだった。。本州以南にはいまだ武家社会の構図が残っていた。かつては城があり、城の周りに町があった。そこには役人と町人がいて、何より両者を繫ぐ名士のような人物がいた。官にも民にも分類できないその存在が城下町の運営を円滑にし、諸問題を未然に解決していた。だが、武家の歴史を持たない札幌に半官半民の名士は見当たらなかった。大通公園を挟んで北と南。官と民は明確に色分けされてい...
アート思考――ビジネスと芸術で人々の幸福を高める方法,アーティストとは、答えを示すのではなく、問いを発する人である」。現代アートは、「現在の人間像について多角的に考えて、未来に向けて、さらなる可能性を持つ新たな人間像を求め、人間の概念を拡大することに挑戦する試み」。は、人間社会の課題が広く、深くなっていく時代において、ビジネスの課題の立て方（ビジネスモデル） も広く、深いものでなければ、息の長いビジネスとして存続できないのではない。つまりデザイン思考は、顧客の抱える問題を解決に導くためのもので「自分がどうしたいか」ではなく、「顧客のベネフィットのためにはどうすればよいか」を考えるものです。。イノヴェイションはデザイン以外のところで生じる必要がある...
イシューからはじめよ――知的生産の「シンプルな本質」,イシューが見え、それに対する仮説を立てたら、次にそれを言葉に落とす。 「これがイシューかな？」「ここが見極めどころかな？」と思ったら、すぐにそれを言葉にして表現することが大切だ。 なぜか？それはイシューを言葉で表現することではじめて「自分がそのイシューをどのようにとらえているのか」「何と何についての分岐点をはっきりさせようとしているのか」ということが明確になるからだ。言葉で表現しないと、自分だけでなくチームのなかでも誤解が生まれ、それが結果として大きなズレやムダを生む。。本質的な選択肢である よいイシューはすべからく、それに答えが出るとそこから先の検討方向性に大きく影響を与えるものだ。...
インスタグラム：野望の果ての真実 (NewsPicksパブリッシング),フェイスブックでは、少ない労力で多くのユーザーに対応することをめざすべきだとされている。フェイスブックに頼れば頼るほどあきらめなければならないことが増えるが、インスタグラムが大きくなるには避けて通れない道だと言える。。か。そう考えた彼は、「シェア」や「投稿」などフェイスブックを連想する言葉は使うな、スナップチャットはもっとパーソナルなのだ、言葉は「送信」などのほうがいいと社員に発破をかけた。
エンジニアリング組織論への招待　～不確実性に向き合う思考と組織のリファクタリング,エンジニアリングという行為は、何かを「実現」することです。実現のために、不確実性の高い状態から、不確実性の低い状態に効率よく移していく過程に行うすべてのことです。。仕事での問題解決を行うために必要な論理的思考力は、コミュニケーションの失敗によって制限されてしまいます。どんなに自分が正論だと思っていることも、その人自身の世界の中で認識できる範囲の中での正論にすぎず、正解ではないということです。。どんなときに、自分は論理的でなくなる可能性があり、人が論理的でなくなる可能性があるのかを知った上で問題解決に臨む。それが論理的思考の盲点を知るという考え方です。。です。「思考のリファクタリング」とは、この...
エンタメビジネス全史　「IP先進国ニッポン」の誕生と構造,能が芸能としてそれらに見劣りしてしまうのは、現在の担い手である１０００人強の能楽師たちの集まりが「個人」を主体としたものであり、スポンサーとなる組織を持っていない点にもよる。能が為政者におもねった作品を作ったり宗教色を帯びさせたりといったことを行ってこなかったストイックさゆえに、お金や人を巻き込むことができなかったのではないか、とも思われる。。まさにそのハザマとなる１８６６年、 18 人で海外へ旅立った東北の寒村出身の高野広八一座が、日本の民間人初のパスポート取得者である。彼らは今でいうサーカスの一座だった。。興行とは「観客を集め、金をとって、見せるもの」ではなく、「見せるものへの期待値を作...
ガザとは何か～パレスチナを知るための緊急講義,ガザの平均年齢は十八歳。それだけ、若年人口が多いということです（ちなみに、日本の平均年齢は四十八歳です）。。同化して軍人にまでなっても、ユダヤ人であれば冤罪を着せられて終身刑になる。近代市民社会になろうが、ヨーロッパからユダヤ人差別はなくならない。同化すればユダヤ人差別はなくなると思っていたのに、同化は解決にならない。ドレフュス事件は、同化ユダヤ人に大きな衝撃を与えました。。十九世紀末のヨーロッパで、フランスのドレフュス事件を契機に、ヨーロッパ・キリスト教社会の歴史的宿痾とも言うべきユダヤ人差別・反ユダヤ主義からユダヤ人が解放されるには、ユダヤ人がマジョリティを占めるユダヤ国家を創るしかないと...
キーエンス解剖　最強企業のメカニズム,キーエンスの社員１人当たり売上高は８７１０万円（ 22 年３月期）。代理店によるサポートがない分、不利になりそうなものだが、オムロンの工場向け制御機器事業の４４８２万円（同）に比べて約２倍という効率の高さだ。。まず、キーエンスのロープレには「台本」がある。こういう風にしゃべったらいい、と示したシナリオだ。つくるのは販売促進部門。それを基に、営業担当者はまず「型」を学ぶ。そのうえで、相手の属性や人によって内容を変える応用編も覚えていくという。。キーエンスは、何らかの優劣を判断する機会としてロープレを使うことはない。ロープレは顧客の希望を聞き取り、デモをして製品を知ってもらい、購入の 稟議 に向か...
グループ経営入門【第4版】: グローバルな成長のための本社の仕事,本来、経営における難しさは、「やりたいこと」（＝事業）を行うにあたって、「先立つもの」（＝財務）をどう工面し、「取り組む人」（＝組織や人材）にどう頑張ってもらうか、というところにあります。。本来、経営における難しさは、「やりたいこと」（＝事業）を行うにあたって、「先立つもの」（＝財務）をどう工面し、「取り組む人」（＝組織や人材）にどう頑張ってもらうか、というところにあります。。オペレーションをいくら頑張っても、それだけではマネジメントをやっていることにはなりません。マネジメントを担うとなれば、企業として目指すべきゴールを明確に設定し、達成に向けて必要な資源を確保し、的確に分配し、成果を上げて、...
コンセプトのつくりかた,ここまでのコンセプトの定義をまとめると、次のようになります。 コンセプトは世界を良くすると同時に、あなたがしあわせに生きられる方法。 一見すると抽象的かもしれませんが、コンセプトの良し悪しを判別する条件としては、非常に具体的で有用なものです。「あなた」と「世界」、いずれかでも欠けてしまえば誰かを満足させられる「良いもの」はできません。そのためには「コンセプトワークするあなた」と「生きるあなた」が手を取り合わなければいけません。。は、最終的に生み出すコンセプトが次の３つを満たしていることです。 １．覚えやすい 簡単に覚えられ、いつでもどこでも思い出せること。 ２．伝わりやすい 人々の間で流通...
コンテクスト・マネジメント～個を活かし、経営の質を高める～,経営とは「人を通じて事をなす」ことであり、経営者とは、どうすれば組織を通じて「よりよいこと」を持続的になせるのかを考え実現する存在です。それが、僕が考える経営の定義であり、経営者リーダーの役割と責務についての解釈です。。だとしたら、経営者リーダーの役割と責務とはどんなことでしょうか。それは、経営の質にこだわり、組織能力を向上させることだと言えるでしょう。具体的には、自身の裁量によって変えうる（変わりうる） 経営の変数を梃子（ levers for managerial intervention） としてとらえ、そこに介入することで組織能力を構築し、向上させることにほかなりません。。で、ポータ...
コンテナ物語　世界を変えたのは「箱」の発明だった　増補改訂版,その結果、じつに珍妙な現象だが、労使の立場は逆転する。組合は重労働をすこしでも楽にしようと「早く機械化を進めろ」と経営側に注文をつけるようになったの
コンピテンシー実用講座【基礎編】,コンピテンシーは、簡単に言えば、人の力（ちから）を客観的、論理的に評価するのに役立ちます。ですから、その用途は、 １） 他者の強み、弱みを見極める ２） 自分の強み、弱みを見極める と、いうことと、それによって可能になる様々な用途ということになります。
サイロ・エフェクト　高度専門化社会の罠 (文春文庫),人類が誕生してこのかた、分類というプロセスはわれわれとともにあった。人間と動物の大きな違いともいえる。それには当然の理由もある。われわれは日々複雑な環境に身を置いており、世界を扱いやすい 塊 に分類することである程度の秩序をつくらなければ、複雑性をきちんととらえ、対処することはできない。。一九世紀半ばを過ぎてまもなく人類学が誕生したとき、何にも増してそのあり方を決定づけた要素は二つある。ダーウィニズムと植民地主義だ（ 22）」。普段はまったく気づかないが、われわれはみな自らが創り出す物理的、社会的、 さらには 心理的な環境の産物なのだ。習慣はきわめて重要である。。人々が生活の中で絶え間なく行う...
サッカー店長の戦術入門～「ポジショナル」vs.「ストーミング」の未来～ (光文社新書),言葉で認知させ、視覚で認識させ、ルールによって動きの共通理解へと昇華させるのだ。
ザ・ラストマン　日立グループのＶ字回復を導いた「やり抜く力」 (角川新書),しかし、私はもともと「社長は自分からなりたいと思ってなるものではなく、その時代が求めた人物が 抜擢 されるもの」と考えていたので、グループ会社で粛々と自分の使命を果たそうと気持ちを切り替えていました。。改革をするにあたって、最初に私が手掛けたこと──それは、意思決定をする人数を絞るということでした。。経営方針や経営計画のような大きな決断はトップダウンで下し、現場レベルの提案はボトムアップで吸い上げるという二つの働きが循環しているのが、企業として理想的な姿だと思います。 現在でも、会社としての意思決定のうち、おそらく九〇％はボトムアップで決められています。残り一〇％の難しい意思決定、痛みを伴う...
シリコンバレー最重要思想家ナヴァル・ラヴィカント,無限のレバレッジが手に入るこの時代、純粋な知的好奇心がかつてないほどの莫大なリターンを生むようになっている［ 11］。だから今儲かっているものを追いかけるよりも、君の純粋な知的好奇心を追求したほうが、キャリアの基盤としてはずっといい［ 11］。。私は何かの仕事に対してではなく、純粋な判断に対して報酬を得たい。仕事をするためにロボットや資本、コンピュータは欲しいが、私自身は判断で稼ぎたい［１］。。た。「長期的なゲームでは、みんなでリッチになろうとする。短期的なゲームでは、みんなが自分だけリッチになろうとする」。私にとっては、自分の行動が身のまわりの世界に長期的におよぼす影響を理解していることが...
スカウト目線の現代サッカー事情～イングランドで見た「ダイヤの原石」の探し方～ (光文社新書),まずスカウトの数が多い。とにかく多い。クラブによって多少の差異はあるが、プレミアリーグのクラブであれば大体どこもアカデミーに 50 人近く、トップチームに 20 人ぐらいはスカウトがいる。マンチェスター・シティやチェルシーなどのビッグクラブはそれ以上の規模である。プレミアリーグの一つ下のカテゴリーであるチャンピオンシップも、財政規模が大きいクラブではプレミアリーグのクラブと同等のスタッフが雇われている。。例えばチェルシーでは、ある 19 歳のＣＢ（センターバック）を獲得する際に、 14 人以上のスカウトがそれぞれ最低３回以上視察し合計で 56 回、２年半にわたってその選手を追っていた。選手の...
スタートアップの知財戦略,2012年3 月、 Facebook が上場直前に Yahoo に特 許侵害訴訟を提起され、 その上場に大きな影響を与えたとされている。 なお、 この訴 訟は最終的には和解にて終了したが、 提訴直後、 Facebook は Yahoo に対してカウン ターの訴訟を提起するべく、 提訴直後に IBM から数百件の特許を購入し、 その特許 の一部を活用してカウンターで特許侵害訴訟を提起し17） （その後Microsoft からも 5億 5000万ドルでの特許の購入及びライセンスを受けている 18））、 和解19） まで持ち込んだという経 緯がある。 。ビジネスモデル特許とは、 法律上 の用語ではな...
ストーリーが世界を滅ぼす―物語があなたの脳を操作する,ある。しかしさまざまなタイプの研究者が行った研究に共通するのは、説得に関しては、 たいてい理性より感情に訴えるほうが勝つ ことだ ★ 21。言い換えれば、受け手に要点を 理解してもらう だけでは足りない場合が多い。良くも悪くも（悪いほうが多いのだが）、受け手に要点を 感じてもらう ためには、物語を使わなければならない。。要するに、語ることは私たちに意味を 与える だけだ。示すことは私たちに自力で意味を見出すように 強い、そうすると意味は私たちのものになる。優れたストーリーテラーはこんなやり方で心理的にカッコーの托卵に相当することを行う。私たちの心の中に産みつけた概念を、あたかも私たちのもののよ...
スポーツ･アイデンティティ　どのスポーツを選ぶかで人生は決まる,「この坂田塾の練習量に意味があるんじゃないかと思うようになったんです。坂田塾の練習は高校卒業までの九年間でおおよそ一万時間。つまり一万時間を費やすことでプロゴルファーレベルに到達している。韓国では、学校に行かずに三、四年で一万時間に到達。ＪＰＧＡ（日本プロゴルフ協会）の名簿を調べてみると、初めてゴルフクラブを握ってからプロテストに合格するまではだいたい一〇年。これは約一万時間に相当する」
スマートシティとキノコとブッダ　人間中心「ではない」デザインの思考法,禅とは、人間の心の底にある、無限の創造性に徹して、これに順応して動作することである。。一方、ＡＩ＝アーティフィシャルインテリジェンスを漢字に訳すと日本語では人工知能とされていますが、中国語ではこれを人工知慧と訳すこともあるようです。人工知能と人工知慧では日本人にとって漢字のニュアンスが少し違いますよね。。スマートシティを捉えるために、『社会は情報化の夢を見る』などの著作で知られる佐藤俊樹氏の言う「ハイパー」と「ポスト」が参考になると思います。日本はこれまで、ついに情報化社会が来ると 70 年代ぐらいから繰り返しずっと言ってきましたが、時代ごとに読み解いていくと大きく分けて２つの捉え方があるとい...
センスの哲学 (文春e-book),昔から量を積み重ねている人に対して、途中から物量作戦で勝とうとしても無理です。ですが、量を積み重ねるなかで得られる判断力のポイントを学び、そこから再出発して、量を積み重ねていくことはできる。民主的な教育というのはそういうことではないでしょうか。。いわば、人間とは「認知が余っている」動物で、余っているからいろいろ見てみたくなるけれど、自分を制限しないと落ち着かない、というジレンマを生きている。。・文化資本の形成とは、多様なものに触れるときの不安を緩和し、不安を面白さに変換する回路を作ることである。。生物が内的状態をある範囲内に保とうとすることをホメオスタシスと言います。。つまり、芸術において何...
センスメイキング――本当に重要なものを見極める力,「人」を理解するのは簡単ではない。文字どおり現実の世界に暮らす生身の人間を理解しようと思ったら、こうした文化的な知が必要だ。 オーブンで一時間じっくり調理した南フランスのカスレという伝統料理は、いったいどんな香りがするのか知っておくべきだし、朝、砂漠に吹き荒れる砂嵐で目を痛める人々がいることも知らないといけない。一人称の視点で語らない詩があることを知っておく必要があるし、攻撃を受けたら山に逃げることを常識としている人々が存在することも知らないといけない。。豊富な知識と経験を誇る名リーダーの多くは、制度や社会、組織が自分の身体の延長線上にあると考えている。身体が制度、社会、組織の一部であり、制...
ゾーンマネジメント,株価を劇的に変化させるのは、ある程度以上の規模の新規成長カテゴリーへの参入だ。そのようなカテゴリーへの参入規模が、企業の総収益の十パーセントを超え、将来的に十五パーセントから二十パーセントを超えることが期待されれば、投資家はこの新たな収益源からの潜在的リターンを新鮮な目で評価するようになる。。ここで、経営の常識に関する重要な秘密を教えよう。それは「地位を確立した既存企業はコアのビジネスモデルを変えられない」というものだ。自社全体に破壊的変化をもたらせばよいという提言はすべてたわごとだ。それは実現不可能である。。ホライゾン１： 翌会計年度の事業による投資回収。 ホライゾン２： 二年から三年で投資...
チャイナ・イノベーション,アリババのＥＣサービスから生まれた決済サービスのアリペイは、２０１７年にピーク時、毎秒 25・６万回の処理性能の記録を作った。。２０１０年から２０１５年にかけて中国人の可処分所得は倍増したが、逆に携帯電話の平均価格は２１５０元（３万６５５０円）から１８００元（３万６００円）に下落した。その結果、スマホは中小都市や農村部にも一気に普及した。
テクノロジーの世界経済史　ビル・ゲイツのパラドックス,産業革命の恩恵が平均的な人々のところにこぼれ落ちてくるまで半世紀待たなければならなかった。だから多くの市民の生活が突然暗転した結果として、機械に対する猛烈な敵意が涌き起こったのも驚くには当たるまい。。長期的には私たちはみな死んでいる。技術的な創造性の発揮が無制限に容認された結果、イギリスの労働者階級は三世代にわたって貧窮した。彼らは、大勢の人がゆたかになる日を生きて目にすることはなかった。そう考えればラッダイトは正しかったことになる。。要するに、あの偉大な経済学者ヨーゼフ・シュンペーターが述べたとおり、資本主義の成果とは「女王により多くの絹の靴下を供給したことではなく、その製造に必要な労働時間...
テンセント――知られざる中国デジタル革命トップランナーの全貌,その後の十数年間テンセントが技術開発で堅持している「小股の疾走、試行錯誤のイテレーション」という原則。インターネット経済が馬化騰の言う「サービスおよびユーザー駆動」の段階に入った後は、その地域の文化、消費および政策的特徴が企業競争上最優先で考えるべき指標であることがはっきりと示された。。２００６年６月、馬化騰は雑誌『中国企業家』の取材を受けた際、この点について説明している。「私はむやみにイノベーションはしない。マイクロソフト、グーグルがしていることは、すべて別の誰かがやったことだ。最も賢い方法は間違いなく、最善のケースを学んでからそれを追い越すことだ」。ＱＱペットのケースには、以下の典型的な...
トークの教室　「面白いトーク」はどのように生まれるのか (河出新書),キチンとした文章で書いてしまうと、喋る時どうしてもそれに寄っていき、原稿を読んでいるようなトークになってしまう。それが人間の心理です。 聞きたいのは本人の気持ちが入ったトークであって、用意された原稿を読む朗読ではないのです。。トークの展開上、先に説明をしておかないと伝わらない点は意識して描写し、他はそんなに意識せず普通に話せばいいのでしょう。。トークの導入として、聞いている方が「え？」とか「そうなの？」と思ってくれれば、それが「つかみ」になります。トークの内容と関係ないギャグとかボケとかダジャレとかは、むしろ逆効果。。そうではなく、自分では「私はごく普通の人間で、いつもおとなしく生活しようと...
ナナメの夕暮れ (文春文庫),人間は内ではなく外に向かって生きた方が良いということを全身で理解できた。教訓めいたことでもなくて、内（自意識）ではなく外に大事なものを作った方が人生はイージーだということだ。外の世界には仕事や趣味、そして人間がいる。内（自意識）を守るために、誰かが楽しんでいる姿や挑戦している姿を冷笑していたらあっという間に時間は過ぎる。だから、ぼくの 10 代と 20 代はそのほとんどが後悔で埋め尽くされている。。他人への否定的な視線は、時間差で必ず自分に返ってきて、人生の楽しみを奪う。。〝好きなことがある〟ということは、それだけで朝起きる理由になる。 〝好き〟という感情は〝肯定〟だ。 つまり、好きなことが...
ニューヨークのアートディレクターがいま、日本のビジネスリーダーに伝えたいこと,人が耳で聞いた内容を3日後に記憶している割合は10%。そして、同じ内容をイラストとして見せた場合が35%を記憶しているという実験結果が出ています。。ない「Visual Literacy ビジュアルリテラシー」という能力。これは、物ごと、概念や情報、考えや想いを、理解し咀嚼し、画像やイラストなどといった視覚的なかたちに変換して落とし込む能力のこと。。では、消費者は何で判断して購買を決めるのでしょうか? それは、その洋菓子 ブランドに関わる全ての要素が醸し出す雰囲気です。これをLook and Feel（ルックアンドフィール） と言います。
ネガティブ・ケイパビリティ　答えの出ない事態に耐える力 (朝日選書),ネガティブ・ケイパビリティ（negative capability負の能力もしくは陰性能力）とは、「どうにも答えの出ない、どうにも対処しようのない事態に耐える能力」をさします。 あるいは、「性急に証明や理由を求めずに、不確実さや不思議さ、懐疑の中にいることができる能力」を意味します。。ネガティブ・ケイパビリティという言葉をこの世で初めて口にしたジョン・キーツは、一七九五年にロンドンで生まれました。亡くなったのは、何とローマです。スペイン広場に向かってすぐ右側の建物のアパートで、一八二一年二月二十三日金曜日の午後四時半に息をひきとったのです。まだ二十六歳の誕生日を迎える前という若さでした。。...
ネットワーク・エフェクト 事業とプロダクトに欠かせない強力で重要なフレームワーク,そもそもなぜ新製品の立ち上げが難しくなったのか。ひとつは、人々のインターネット利用時間を奪い合うゼロサム時代に突入したからで、もうひとつはモバイルアプリ、ＳａａＳ（Software as a Service） の多くは参入障壁が低いからだ。。この論文が生物学で重要なのは、「アリー効果の 閾値」と呼ばれる、群れの安全が守られて個体が増えやすくなる転換点の存在が明らかになったからだ。アリー効果による個体数の変化を示す曲線は、生態学版のネットワーク効果だと言える（。互いに危険を知らせるミーアキャットがある程度いないと、天敵に捕食されるリスクは下がらない。個体数が減ると身を守りにくくなり、さらに個体数...
ハンニバルに学ぶ戦略思考,古代においては大量破壊兵器がなく、リーダーの人間力こそが戦略勝負の主体であった。それは「ビジネス戦略の人間力」に相通じ、歴史的にも普遍的と思える「人間力の本質」の向上に直結する。。「戦略力の 11 原則」とは、「目的」「創造」「主動」「集中」「奇襲」「機動」「柔軟」「統一」「簡明」「保全」「経済」の各原則である。 そのうち、主原則は、「目的」と「創造」だ。「目的」達成のため、その戦場の特質を把握し、残りの原則を活用して戦勝への方策を「創造」するということになる。。本当の決断とは、「もうこうするしかない」という状況に追い込まれる前の、まだ選択肢がある状況のなかで、最良の選択肢を選ぶことだ。。プル...
ハーバード・ビジネス・レビュー　リーダーシップ論文ベスト10 リーダーシップの教科書,マネジメントでは、立案した計画を達成できる能力を開発するために、組織づくりと人員配置を行う。具体的には、計画達成に必要な組織構造と一連の各業務を創設し、そこに適切な人材を配置し、彼ら彼女らに計画の内容を伝え、実行の責任を負わせて、実行状況をモニターする仕組みをつくるのだ。 かたや、目的は同じでも、リーダーシップは、組織メンバーの心を一つにすることである。つまり、メンバーたちがビジョンを理解し、その実現に向けて努力を傾け、全員が一丸となれるように、新たな方向性を伝えるのだ。。変革を起こすことがリーダーシップの役割である以上、変革の方向性を決めるのは、リーダーシップの基本といえる。方向性の設定と計...
バリュエーションの教科書―企業価値・Ｍ＆Ａの本質と実務,以上から、「PBR＝PER×ROE」の公式は、企業の存在価値の源泉であるのれん価値の創出力を足元の資本効率性と将来の成長期待の掛け算で数値化して表現できることを示していることがわかる。。企業価値＝企業が将来にわたって生み出すキャッシュフローの現在価値。会計上のバランスシートに載っている資産は、通常買ってきたときの取得原価で記帳される。つまり、「カネさえあれば誰でも買える」たぐいの資産だ。事業活動とは、これらのカネで買える資産に人材、信用、ノウハウ、ブランドなどの「ソフトパワー」を注ぎ込んで、単なる資産の寄せ集め以上の価値ある存在にする活動にほかならない。。本書では、企業価値はあくまで将来のキャ...
ヒットの設計図　ポケモンGOからトランプ現象まで (早川書房),ブラームスの時代に文化がどれほどゆっくりしたペースで伝わっていたかを理解するには、ベートーベンの第九交響曲が、大西洋を渡ってどのくらいのんびりと伝わって行ったかを考えればいい（ ３）。第九は１８２４年に、ウィーンのケルントナートーア劇場で初演された。この時すでにベートーベンは耳が不自由になっていて、嵐のような大拍手も聞こえなかったという。だが、それほどの成功を収めた曲が、アメリカのニューヨーク市で上演されたのは１８４６年で、すでに 22 年が経過していた。。消費者のほとんどは、「ネオフィリア（好奇心が強く、新しいものを発見したいと思う）」であると同時に、重度の「ネオフォビア（あまりに新しいもの...
ヒトラーとナチ・ドイツ (講談社現代新書),ヒトラーが露骨な反ユダヤ主義者であり、レイシストであり、民主主義を蔑視する扇動家であったことはすでに広く知られていた。そんな人物が首相になれば、ドイツの信用は台無しになるだろうと思う者も少なくなかった。しかも、ナチ党は国会で第一党の地位にあったが、ヒトラーを首相に推す国会議員は四割もおらず、ヒンデンブルク大統領がヒトラーを首相に任命しなければならない必然性はどこにもなかったのだ。。ヒトラーが首相に任命される直前の国会選挙（一九三二年一一月） でナチ党が手にした得票率は三三・一パーセント、議席数は一九六（総数五八四） に過ぎないのだ。。大統領緊急令とは、ヴァイマル憲法（第四八条） が定める大統...
ビジネスエリートになるための 教養としての投資,構造的に強靭な企業（Ｒ）」に投資しましょうと言っています。 強靭な構造とは、３つの要素に支えられています。「高い付加価値」、「高い参入障壁」、「長期潮流」です。この３つの要素を持っている会社は、構造的に極めて強靭であり、この３つの要素が弱まらない限り、その株式を保有し続けられると考えて良いでしょう。。本物の長期潮流とは何か？これは「不可逆的であると言い切れるもの」だと思っています。不可逆、つまり元には戻れないものということですね。 たとえば人口動態はその典型例です。少なくとも２１００年までの人口推計を見る限り、世界中の人口が増加していくのは間違いありません。。通常、ＰＥＲを計算するときには、...
ビジネスケース『キーエンス～驚異的な業績を生み続ける経営哲学』―一橋ビジネスレビューe新書No.7,キーエンスが経営哲学として掲げている「最小の資本と人で最大の付加価値をあげる」。具体的には、使った資本や費用に対して、主に売値で評価される顧客にとっての商品価値を最大化することだ。つまり、なるべく低コストで開発・製造して、たとえ高価格でも顧客が喜んで購入してくれる商品を創り出すことである。。低価格でなくては買ってもらえない商品では、価値の創出にはならない。。キーエンスでは、役立ち度（付加価値）に関して目標とする数字がある。それは商品企画段階での「粗利 80％」である。販売価格から製造原価を引いた粗利が 80％なければ、それは「価値の低い商品」を意味し、市場に出すことは許されない。。利益が低いか...
ビジネス・フォー・パンクス,使命に求められるのは、唯一無二であることと、魅力的であることだ。自分のチームと、潜在顧客たちに、その価値を認めさせるだけの使命が必要なのだ。使命こそ、ほかとの違いを生む。世の人々の目をどうやって自分たちに向けさせるかこそ、最初の一歩を踏み出した瞬間から抱える最大の課題であり、目を向ける理由になるのが使命なのだ。。使命に求められるのは、唯一無二であることと、魅力的であることだ。自分のチームと、潜在顧客たちに、その価値を認めさせるだけの使命が必要なのだ。使命こそ、ほかとの違いを生む。世の人々の目をどうやって自分たちに向けさせるかこそ、最初の一歩を踏み出した瞬間から抱える最大の課題であり、目を向ける...
ビジョナリー・カンパニーZERO ゼロから事業を生み出し、偉大で永続的な企業になる,「歴史とはサプライズの研究である」という歴史学者エドワード・Ｔ・オドーネルの言葉は、私たちの生きる世界の本質をよくとらえている〔。この人物を重要ポストにとどめているために、他の人材が会社を去りはじめていないか。。窓」と「鏡」をどう使うか。 重要ポストにふさわしい人は、窓と鏡を上手に使いこなす。物事がうまくいっているときには窓を指し、自分以外の要因のおかげだと考える。成功に貢献した他の人に光を当て、自分の手柄にはしない。一方、物事がうまくいかなくなったときには、挫折や失敗を状況や周囲のせいにしない。鏡を指し、「これは自分の責任だ」と言う。鏡を指し、常に「どうすればもっとうまくできただろう。どこが...
ピクサー流　創造するちから,私は、自分にはわからないことがあることを認め、そのための余白を持っているマネジャーこそ優れたマネジャーだと思って
フランス現代思想史　構造主義からデリダ以後へ (中公新書),レヴィストロース以後の思想家は、こぞって「科学」への強い志向を表明している。フランス現代思想の「精神」は、科学や数学への強い志向に貫かれている。。レヴィストロースが人類学において数学を使ったことが、その後のフランス思想に大きな影響を与えたことは間違いない。。ここで、「ポスト構造主義」という言葉について注意しておけば、これが使われるようになったのはアメリカのアカデミックな世界であって、フランスの思想家たち自身が、みずから「ポスト構造主義者」と名のることはない。。そもそも、レヴィストロースは、「構造」をどう考えているのだろうか。  「構造」とは、要素と要素間の関係とからなる全体であって、この関係...
フードテック革命　世界700兆円の新産業 「食」の進化と再定義,円）。健康的な食事はまだまだコストがかかり、所得の低い人ほどカロリーの高い加工食品に頼りがちになる。こうしたことも、低栄養を招く原因の１つとなっている。いわゆる「フードデザート」と呼ばれる現象。米Ｈｅｓｔａｎ Ｓｍａｒｔ Ｃｏｏｋｉｎｇ（ヘスタン・スマート・クッキング）の「Ｈｅｓｔａｎ Ｃｕｅ（へスタンキュー）」は、フライパンや鍋自体と、ＩＨバーナー双方に温度センサーが搭載されており、常にフライパンや鍋が何度に熱せられているかを正確に把握できるＩｏＴ調理器具。料理はレシピの決定から始まって、食材調達、調理、食事、後片付けまで、実にアナログだらけのプロセスである。影響を与える要素が多すぎて、人に...
ブランディングの誤解　P＆Gでの失敗でたどり着いた本質,ブランディングの主たる目的は、商品・サービスを売るためではなく、あくまで商品・サービスを記憶し、識別しやすくするためのものです。ブランディングそのものが、買ってもらうための「便益」になるわけではありません。 ＢｔｏＣ（消費者向け）、ＢｔｏＢを問わずほとんどのカテゴリーにおいて、購入される理由、継続的に購入してもらえる理由は機能的な便益や独自性です。ブランディングとしての記号化は、それらの便益や独自性を競合や同類から区別するものです。。この商品はテレビＣＭ放映後の 84 年５月初旬までに７万台が出荷されましたが、その後、失速し、業績は上がらず、売り上げと株価は 86 年まで低迷しました。今...
プロダクトマネジメントのすべて 事業戦略・IT開発・UXデザイン・マーケティングからチーム・組織運営まで,プロダクトの一つひとつの意思決定には、その根拠となる仮説が連鎖している。この仮説の連鎖を紐解き、根本となるものから順番に検討していくことで一気通貫したプロダクトをつくることができる。。多くの人がアイデアを考える際、課題と解決策のセットを1つのアイデアとして捉えている。しかしアイデアは本来、課題と解決策に分離可能である（図表4-8）。思いついたアイデアは一見きれいにまとまっているように見え、発想した本人も思い入れが強くなっていることも多いが、アイデア自体を課題と解決策に分離してそれぞれを検討することでさらに発想が広がることがある。。プロダクトマネージャーはそのプロダクトを使って、「どんな状態にし...
プロフィット・ピラミッド,八六年には、会社の名称をリード電機から今のキーエンスに改称しています。キーエンスという名前は、「キー・オブ・サイエンス（科学の鍵）」からきており、この名前も、科学や技術が特徴ある製品を生み出す原動力となり、高い付加価値転換率、そしてその結果としての高い利益率を実現するものであるという滝崎氏の強い信念に基づいています。。キーエンスの主要な製品は、ＦＡ向けセンサーです。ＦＡ向けセンサーというのは、顧客の生産プロセスの中に組み込まれるセンサーです。。センサーは、単価が安く、脇役的存在であるにもかかわらず、それを組み込むだけで、顧客生産設備全体の能力が大きく高まる「投資の梃子の効果」を生み出す商品なの...
プロ経営者・CxOになる人の絶対法則,日本企業の特徴は、現場が強い文化性があることです。現場をうまく動かせなければ、成果も出せないので、日本企業の経営にはチームプレーが必要不可欠です。 何でもできる ＋ Ａレベルの経営者が１人いるよりも、 Ｂから ＋ Ｂのレベルであっても強固なチームを作ることができれば、チームとしてＡレベルにすることができる。そんな考え方が日本の経営には現実的かつ必要な視点だと思っています。。あらゆる感情をコントロールすることを意識し、場合によっては「演じる」ことができる人の方がうまくいきます。自分の感情もコントロールした上で出すことが必要だと理解し、感情に任せて表現するべきではありません。 つまり、感情の出...
マスター・オブ・スケール　世界を制したリーダーが初めて明かす 事業拡大の最強ルール,だ。「ノー」ばかりのフィールドに「イエス」を見出すのが早ければ早いほど、チャンスは大きくなる。。投資家が往々にして見逃すのは、自分たちとは違う社会に生きる購買層が相手のビジネスチャンス。全員から「おいおい、頭がおかしいんじゃないのか？」と言われたいわけでもない。私にとって一番いいのは、何人かに「頭がおかしいぞ」と言われ、別の何人かに「なるほどね」と言われることだ。つまり、私が欲しいのは両極端の反応である。。今しかない──会社の規模がまだ小さいから、顧客全員に会えて、知り合いになれる、そしてひとりひとりのために役立つことができるんだ」。これは、「事業拡大という名の錯覚」だ。１００万人のユーザーが...
マッキンゼー　ホッケースティック戦略―成長戦略の策定と実行,戦略策定の現場は知性と経験を備えた、知的なチャレンジを好む人々であふれています。しかし、問題となっているのは企業の戦略だけではありません。これらの人々の雇用、キャリアも危険にさらされるのです。もしあなたが過大な業績目標を約束してしまった場合、あるいは約束した業績目標を達成できないことが明らかになった場合、それによって現在の職または地位を失うかもしれません。。予算策定のプロセスもまた邪魔をします。例えば、５か年戦略について議論していたとしても、議論に参加している誰もが、本当に重要なのは計画初年度の予算であると考えているものです。この場合必然的に、様々な駆け引きが行われます。。このような社内政治...
マッキンゼー　価値を創るＭ＆Ａ (日本経済新聞出版),この本質的な成長とは、買い手が買収を行うことによって、買収対象企業がスタンドアローン、もしくは現在のオーナーの下で創出できる企業価値よりも大きな企業価値創出が実現できることを意味する。。まずスタンドアローンでの価値の最大化は、理論的には買い手を問わず実現可能な価値創出であり、その中身は更に４つに分類できる。１つ目はオペレーションの効率化等による利益率の向上、２つ目はノンコアアセットの売却等を含めた資産・経営資源の適正運用、３つ目はレバレッジの活用による最適資本構成の実現を含めた財務の最適化、そして、４つ目は上場会社を念頭に置いたもので、市場コミュニケーションによりもし株式市場における価値と本...
マッキンゼー　勝ち続ける組織の10の法則 (日本経済新聞出版),私たちは、才能を「何かに秀でる素質のある天賦の才能と生来の意志」と定義する。。１９６０年代初頭までに、アメリカに存在する組織の 60％以上が何らかのパフォーマンス・マネジメントシステムを導入し ３、１９８０年代には、事実上すべての大企業が制度を導入していた。。で、「目標による管理」（Management by Objectives ; MBO） と呼ばれるプロセスを提唱した。ＭＢＯは、まず、戦略を目標に落とし込み、それを階層別に分解して、「何を、何のために達成するのか」という社員の問いに答えることから始まる。そして、「自分はどうなのか」という社員の問いに答えるため、目標に対する進捗を測定する。...
ミンツバーグの組織論――７つの類型と力学、そしてその先へ,では、ウェブ型の組織において、マネジャーはどこに位置すべきなのか。いたるところに位置すべきなのだ。あらゆる活動の場に身を置く必要がある。 マネジャー用のオフィスを飛び出して、あらゆる会議に顔を出し、オフィスの廊下での雑談にも加わり、現場で起きていることを直接経験すべきなのである。ものごとの細部にまで口を出すマイクロマネジメントを実践しろというのではない。なにが起きているかを把握しておいて、いざ問題が生じた場合に対応できるようにすべきなのだ。。私たちは、理屈の上では、戦略を未来に向けた計画と考えているとしても、実際には、過去に起きたことのパターン、その組織が実行してきたことのなかに見いだせる規則...
ムーブ ユア バス,ない。ハードルを上げると同時に、相手がそのハードルを越えられるようにサポートし、そのために必要なツールを与える必要がある。
モダンエルダー　40代以上が「職場の賢者」を目指すこれからの働き方,私たちは両親より 10 年ほど長生きし、 20 年ほど長く働ける可能性があるのに、世の中で力を持つ人の層は 10 歳ほど若返りつつある。ということは、私たち年長者が自分の役割を考え直さなければ、数十年も「用済み期間」が続いてしまうことになる。「。ロバート・サットン教授によると、究極の知恵とは自信と懐疑心の程よい調和であり、そのどちらをいつ強めたらいいかを知っていることだという。。た。「私がどう助けたら、ここで君が人生最高の仕事をできるかな？」こう訊ねることで、部下は私が彼らの成功を願っていることがわかるし、キャリアの行き詰まりを感じたら犠牲者の役割を演じるのではなく、自分が成果を上げるために...
モード後の世界 (扶桑社ＢＯＯＫＳ),ファッションへの参加態度に関して、従来は三つのタイプに分けられました。すなわち、コスプレ的／仮装的なものだと思っている人、自分の個性の発露でありつつ心地良くいるためのものだと思っている人、それから社会とのある種のお約束のようなものとしてとらえている人。。本当に流れをつくる人というのは、最初に「長いスカート」を世に出す人です。そういう人が気にしているのが社会潮流です。色でも形でもなく、ましてや人がやっているかどうかではなく、今の時代はこうだからこういう服を提案していく、ということを重視しています。。芸術における前衛は、見たこともないような、思いもよらないものを見せてくれて、頭をシェイクさせてくれ...
ユニクロ,その集大成を、まだ 25 歳の自分にポンと預けてしまった。特になんの説明もなく、である。正には父の真意がうかがい知れない。息子が黙っていると、父はこんなことを付け加えた。柳井は今でもその言葉が、鮮明に耳に残っているという。 「ええか。失敗するんやったら俺が生きているうちにせえよ」 これからはお前が思うように経営しろ。万が一、それで失敗したら俺がケツを拭いてやる──。それは、どこまでも親分肌の父らしい表現での禅譲だった。。柳井が例に挙げたのが「アメリカで見た大学生協のような店」だった。そこでは書店やレコード店のように商品が置かれているだけ。店員は話しかけてくるわけでもなく、もっぱら陳列棚の整...
リアライン―ディスラプションを超える戦略と組織の再構築,私がこれまで仕事をしてきた中でいちばん有能な企業のリーダーは、さまざまな点において「マルチ（multi）」である──複数のステークホルダー（multi-stakeholder）に責任を持ち、分野横断的（multi-disciplinary）な知識を有し、マルチレベル（multi-level）でものごとを考え、短期、中期、長期、いずれの場合もマルチフェーズな（multi-phased）計画を策定し、複数の国（multinational）の環境分析を実行する〈。次に、リーダーが意図的に別の方向に舵を切らない限り、企業はいつまでも同じ道を進もうとする。こうした現象は専門用語で「経路依存性」と呼ばれ、...
三行で撃つ 〈善く、生きる〉ための文章塾,表現者というのは、画家や小説家やミュージシャンだけではないんです。職人さんだろうと公務員だろうとサラリーマンだろうと、 仕事とは、結句、表現 ですよね。商品や技術やサービスを売る。自分のことを、表現する。労働の本質は、そこです。。本を読む、文章を読む。その運動の最大の特徴は、「落ち着き」ということです。 人を落ち着かせる。心を鎮めさせる。立ち止まって、考えさせる。。ロシアの小説家チェーホフは「物語の中に銃が出てきた以上、それは発射されなければならない」と言う。  書き出しの、のけぞらせる一行目は、「銃」である。。うまい文章とはなにか。 うまい文章を定義するのは、とても難しいですね。答えるこ...
不格好経営 (日本経済新聞出版),とんでもない苦境ほど、素晴らしい立ち直り方を魅せる格好のステージだと思って張り切ることにしている。。大きなプラスアルファの拾い物をしようと考える。。命をとられるわけじゃないんだから、。今を起点にベストを尽くす。。自分の成長だへちまだなどと言う余裕がなくなるくらい必死になって仕事と相撲をとっている社員ほど、結果が出せる人材へと、驚くようなスピードで成長するのである。。今日明日のあなたの仕事ぶり、仕事に向かう姿勢こそが人脈を引き寄せるのだと伝えたい。。起業を志す社員が多いわが社は、「独立」という選択肢との競争がある。新規事業への取り組みをやめないＤｅＮＡは、事業欲をはつらつと発揮でき、かつ可能性の...
世界の天才に「お金の増やし方」を聞いてきた,まず売り買いすればそのたびに税金を払わねばならない、それがひとつ。そしてふたつ目。正確に最高値と最安値を見極め、売買する──どうやったらそんなことができるんでしょう？馬鹿げた話です。私には株式市場がどうなるか予測できるなどという自信は、どうしても持てません。１９９６年にアラン・グリーンスパンが株式市場の高騰を「根拠なき熱狂」と称したときから、私は市場予測に自信を失ったのです。市場はその後３年間で 80 パーセント上昇しました。。一般的に私が諦めるのはビジネスやその人物について見誤った場合であり、株の値動きを理由に手放したりはしません。株価はそのビジネスがうまくいっているかどうかの指標にはなら...
世界はなぜ地獄になるのか（小学館新書）,リベラル化で男女の性差が拡大するのは、男と女で好きなこと・得意なことに生得的なちがいが（一定程度）あるからだ。男女の知能の平均は同じだが、男は論理・数学的知能が高く、女は言語的知能が高い。その結果、経済的に発展した国の方が共通テストの平均点が高くなると同時に、男は数学の成績が、女は国語の成績がよいという傾向が見られ、男女の性差は拡大している。。リベラル化で男女の性差が拡大するのは、男と女で好きなこと・得意なことに生得的なちがいが（一定程度）あるからだ。男女の知能の平均は同じだが、男は論理・数学的知能が高く、女は言語的知能が高い。その結果、経済的に発展した国の方が共通テストの平均点が高くなると同...
世界はシステムで動く ― いま起きていることの本質をつかむ考え方,システム とは、古い収集品のようなものではありません。システムとは、何かを達成するように一貫性を持って組織されている、相互につながっている一連の構成要素です。。システムは通常、そのシステムでありつづけ、その要素をすべて取り替えたとしても、つながりと目的が同じである限り、変わるとしてもゆっくりとしか変わりません。。システム思考家は、世界を「フローの操作によってその水準を調整するメカニズムが付いているストックの集合体」として見ています。 つまり、システム思考家は、世の中を「フィードバック・プロセス」の集合体として見ているのです。。レジリエンスとは、ある変動のある環境の中でシステムが生き残り、持続...
世界は贈与でできている　資本主義の「すきま」を埋める倫理学 (NewsPicksパブリッシング),進化のプロセスからすれば、脳の小さい未熟な新生児を産むという解決策ではなく、大人の身体のほうが進化して、直立歩行を可能にしながらも骨盤を大きくしたり、産道を広くするなどして脳が完成した子供を産めるようにする、という選択肢もありえたはずです。 しかし、自然はそのような身体的拡張ではなく、社会的能力のほうを選びました。 子育てや互いの生存のための信頼できる仲間。見返りを求めず助け合える関係性。 僕らは、僕らが人間となって文字通り立ち上がった瞬間から、つまり、人類の黎明期の一番初めから、「他者からの贈与」「他者への贈与」を前提として生きてゆくことを運命づけられてしまったのです。。進化のプロセス...
世界を変えた８つの企業,共産主義の脅威と冷戦に直面した西側諸国は、資本主義の価値への信頼を強めざるを得なかった。企業はもはやアダム・スミスが述べていたような、欠点はあるが有用なものという位置づけではなく、西側の生活を特徴づけるもの、共産圏の暗愚な市民と自分たちを区別するものと見なされた。こうして民主主義と資本主義とが同義語になった。。このように絶体絶命の状況に追い詰められたローマがその後、どのようにハンニバルをイタリアから駆逐し、最終的にカルタゴ軍を破ったかは、古代史の学生にはおなじみの話だ。ローマ軍のこのときの戦い方はのちに「ファビアン戦略」として有名になった。それは正面からぶつかり合う大規模な戦いを避けて、ゲリラ...
世界史の構造的理解 現代の「見えない皇帝」と日本の武器,戦略の原則では一般的に、組織の力を「戦闘力と戦略力の積」として考えるのが普通である。前者の「戦闘力」とは、図体の大きさや兵力・練 度 など、純然たる体力面での力を指し、一方後者の「戦略力」というのは、優れた戦略によって優位なポジションを得るなどの知的な力を指す。。要するに、ナポレオンはローマ世界のような「世界統合型」を、英国はギリシャ世界のような「勢力均衡型」をそれぞれ目標としていたわけで、ナポレオン戦争はまさにこの二つの理念が激突する戦争だったのである。そして結果的に英国が勝つことで、ヨーロッパ世界のその後は、以前からの勢力均衡型の世界が守られてそのまま続くことになったわけである。
世界標準の経営理論,経済学ベースの制度理論とは、ゲーム理論を基礎として、「一人ひとりのプレーヤーが独立して、互いの意思を読み合いながら、まるで数式を解くかのように合理的に意思決定する」。社会学ベースの制度理論は「人は必ずしも合理的に意思決定するとは限らない」という前提に立つ。。制度理論によると、社会に埋め込まれた人・組織・企業はその認知的・心理的制約から、経済合理性だけでは十分に説明がつかない行動を取りうる。。この同質化プロセスを、アイソモーフィズム（isomorphism）と呼ぶ。ポール・ディマジオとウォルター・パウエルが1983年に『アメリカン・ソシオロジカル・レビュー』（ASR）に発表した論文で提唱した、制...
世界秩序の変化に対処するための原則　なぜ国家は興亡するのか (日本経済新聞出版),● 将来を予測し、上手に対処する能力は、変化を招く因果関係を理解する能力と、その因果関係が過去にどう変化をもたらしたかを学習する能力とに依存するということだった。。● 将来を予測し、上手に対処する能力は、変化を招く因果関係を理解する能力と、その因果関係が過去にどう変化をもたらしたかを学習する能力とに依存するということだった。。と価値観の格差が大きく、景気が低迷しているとき、全体のパイをどう分配するかで多くの対立が生じやすい。。と価値観の格差が大きく、景気が低迷しているとき、全体のパイをどう分配するかで多くの対立が生じやすい。。進化は改善をもたらす上向きの動きだ。それは適応と学習から生じる。それ...
世襲 政治・企業・歌舞伎 (幻冬舎新書),しかし明治から昭和敗戦までの歴代総理大臣に、親が大臣だった者はいない。みな政治家としては初代だった。。自分は初代だった昭和の首相たちも、その大半が自分の子や女婿を議員にした。 昭和戦後の首相十五人のうち十二人の子や女婿が国会議員になっている。平成・令和の首相十八人は五人が現役の議員（麻生、 菅直人、野田、 菅 義偉、岸田） なので、それを除外した十三人のうち七人が、子や甥に地盤を継がせている。。戦後の一九六〇年代までの政界は吉田茂を中心に動いていた。吉田の弟子が池田勇人と佐藤栄作で、その政敵が鳩山一郎と 岸信介 である。吉田の弟子で、なおかつ岸の実弟という二つの人脈に属す佐藤栄作が長期政権とな...
二兎を追う経営　トレードオフからの脱却 (日本経済新聞出版),つまりユニクロは、品ぞろえ（ファッション性）の追求をあきらめて定番商品を中心に品ぞろえを絞ったおかげで、大量発注、継続的な改良を可能にし、トレードオフにある品質とコストの両方を同時に達成することができたのである。。トレードオフ（対立）関係にある目標を同時に追求したいなら、３つめの目標（Ｃ）を探し、ＡとＢというグループとＣのグループとに分け、Ｃをあきらめる。そうすれば、ＡとＢは同じグループになるので、もはや対立項ではなくなり、ＡとＢの目標グループを追求すること、つまりトレードオフを解消することができると考えられるのである。。このように、トレードオフ関係にある価値に直面した場合、その関係を固定的...
二項動態経営　共通善に向かう集合知創造 (日本経済新聞出版),最初の日本語訳で「終身雇用」と訳された英語が実は lifetime employment ではなく、〝lifetime commitment（生涯にわたるコミットメント）〟である点は 刮目 すべきことであろう。雇用という表現をアベグレンは使っておらず、初版の翻訳を手掛けた経営学者占部都美の意訳であったことを、経営学者加護野忠男は指摘している＊３。。組織には慣性や惰性が働く。経済学や経営学では「経路依存性＊ 10」などといわれ、これまでの仕組み、事象、意思決定に依存しすぎて、新たな取り組みが阻害されることを表す。変えようとする力には、反作用で抵抗勢力が生まれることとなるのだ。。ぎりぎりの接点を...
交易する人間（ホモ・コムニカンス）　贈与と交換の人間学 (講談社学術文庫),生まれる。「我」としての個人は他人とのつきあいのなかで形成される。個人は社会生活の結果である。。生まれる。「我」としての個人は他人とのつきあいのなかで形成される。個人は社会生活の結果である。。本書で定義する交易は、経済、政治、宗教、儀式、さらには生産や労働をも含む。相互行為としての交易の総体、それが社会なのである。そしてそれが「人間である」ことの内容である。。本書で定義する交易は、経済、政治、宗教、儀式、さらには生産や労働をも含む。相互行為としての交易の総体、それが社会なのである。そしてそれが「人間である」ことの内容である。。societyは、《social》によってはじめて存在可能になる。そ...
人工知能は人間を超えるか (角川ＥＰＵＢ選書),場合の数からいうと、オセロが一番簡単で、その次にチェス、将棋、囲碁の順番に難しくなる。観測可能な宇宙全体の水素原子の数がおよそ 10 の 80 乗個といわれており、この数字がこの世界で「数えられるもの」の数としては最大だろうから、盤面で起こりうる組み合わせがいかに膨大な数字か、おわかりいただけるのではないだろうか。。これだけ組み合わせの数が膨大だと、最後までしらみつぶしに調べることはとうていできない。そこで、盤面を評価するスコアをつくり、そのスコアがよくなるように、次の指し手を探索することになる。それが現在まで続くゲーム攻略のための人工知能の基本的な設計となっている。。に、第２次ＡＩブームは、...
人類とイノベーション：世界は「自由」と「失敗」で進化する (NewsPicksパブリッシング),つまり、不安定な自給自足から、より安定した相互依存に移っている。週に 40 時間、他人のニーズを満たすこと──それは「仕事」と呼ばれる──に専念することにより、そのほかの（寝ている 56 時間は除いて） 72 時間を、他人によって提供されるサービスに頼ってすごすことができる。。食料生産のイノベーションのおかげで、農地の生産性が上がったことで、多くの土地や森が耕起や放牧や伐採をまぬがれている。この「土地温存」は、土地共有──畑の作物のそばにたくさんの野生生物が生息することを願って、収穫量の少ない作物栽培を行なうこと──よりも、はるかに生物多様性にとって良いことは明らかだ。。たとえあなたがグーテン...
今、ラジオ全盛期。,フジテレビ、ＮＴＴドコモなど５社が出資し、スマートフォン向け放送局「ＮＯＴＴＶ」が開設されたのがまさに２０１２年４月。ニッポン放送もこの事業に参加することになり、「ラジオの生放送中のスタジオの映像をＮＯＴＴＶで同時配信する」コンテンツとして「オールナイトニッポン０（ＺＥＲＯ）」は始まったというわけです。。ところが、この前提は根本から覆ることになりました。ラジコで取れる年齢層の属性のデータを見てみると、オールナイトニッポンのリスナーは、 10 代よりも圧倒的に 20 代の社会人が多いことが判明したのです。さらにタイムフリーを含めると 30 代、 40 代、 50 代以上の人たちもオールナイトニ...
仏教の大意 (角川ソフィア文庫),人生の不幸は、霊性的世界と感性的分別的世界とを二つの別々な世界で相互に きしりあう 世界だと考えるところから出るのです。渾然たる一真実の世界に徹せんことを要し。われらはいつも知性的分別に 繫 がれているのです、それは何事でも二分してみないと承知しないからです。。言語は分別性の所産であるから、言語に捉えられるなというは分別を離れよということです。拈華微笑の場合はそれを例証したものです。さればといって、言葉をことごとく棄ててしまえというのではない、言葉は言葉としてその役目を適当に果たすべき場処があるのです。すなわち言葉によって言葉の束縛をはなれることになります、分別智を克服する機会を 喚び起こすも...
他者と働く──「わかりあえなさ」から始める組織論 (NewsPicksパブリッシング),劇作家の平田オリザさんは、著書『わかりあえないことから』で、対話が日本で起きにくいのは、お互いに同じ前提に立っていると思っているからだ、と喝破しました。そして、 お互いにわかり合えていないことを認める ことこそが対話にとって不可欠であると述べています。これは大変鋭い指摘です。。対話とは、権限や立場と関係なく誰にでも、 自分の中に相手を見出すこと、相手の中に自分を見出すこと で、双方向にお互いを受け入れ合っていくことを意味します。。ポイントは、どちらかのナラティヴが正しいということではなく、それぞれの立場におけるナラティヴがあるということです。つまり、ナラティヴとは、視点の違いにとどまらず、その...
企業価値４倍のマネジメント－－結果にこだわるコンサルタントの定石 (日本経済新聞出版),ベインでは、戦略とは「顧客に対して、競合よりも優れた価値提供をするための、自社固有のアクションの集合体」であり、かつ「希少な経営資源＊ の配分についての意思決定の集合体」であると考えています。。なぜ経営戦略は十分実行されず、「絵に描いた餅」に終わるのでしょうか。その理由には①コンテンツ、②コミュニケーション（伝達方法）、③組織・人材との整合性、の３パターンがあります。。事業戦略とは、個別事業の顧客に対して競合より優れた価値を提供するための自社固有のアクションと意思決定の集合体です。これに対し、企業戦略とは、個別事業の単純合算よりも全体として企業価値を高めるための、自社固有のアクションと意思決定...
企業変革のジレンマ　「構造的無能化」はなぜ起きるのか (日本経済新聞出版),構造的無能化とは、組織が考えたり実行したりする能力を喪失し、環境変化への適応力を喪失していくことである。。多くの企業は、喫緊の企業再生が必要なほど、業績は悪化していないということである。そのため、自分たちの会社の置かれている状況について、『Ｖ字回復の経営』で書かれているほど、明確な問題意識を持っていない。。多くの場合、現場の自発性の不在は、経営層が打ち出す戦略の明確性の低さや、その戦略の中で個々のメンバーが自分の位置づけを見出せないという問題によって生じる。それを個人の問題にすり替えてはならない。。環境適応を果たし、事業基盤を確立するに至ると、より確実かつ効率的に成果を生み出すために、分業化と...
会社という迷宮――経営者の眠れぬ夜のために,こうした状況を 目の当たりにすると、精神医学者の木村 敏 氏が、客観的現実としてのrealityと、主体者の現実感としてのactualityとは、人が非常事態に置かれて自己を喪失しかけたときにしばしば乖離すると述べていたことを想起せずにはいられない。前者が自らが目の当たりにし認知した現実だとすれば、後者はそれを主体として身を以て感じる「実質感」「手触り感」のようなものである。。その条件を簡潔に言ってしまえば、まずは（１） 戦いの争点となる決定的な要素において相手に対して優位であり、つまりは相手には模倣できない強みがあり、（２） その優位性が（一過性のものでなく） 持続性を持ち、つまりそれは明日...
佐久間宣行のずるい仕事術――僕はこうして会社で消耗せずにやりたいことをやってきた,自分が心から信じられる、わくわくできるような強度の高い「おもしろい」は、カクテルで言えばジンやウォッカ。ベースをつくる「原液」 と言っていい。 前提として、この原液は「おいしい」。そこを疑う必要はない。 ただ、割り方を間違えるとまずくもなるし、通好みにもなる。 広く受け入れられる味を目指して、なにで割るか、なにを足すか。 それを考えるのが自分ならではのクリエイティブになる。
体験格差 (講談社現代新書),ない。貧困とは「選択肢がない」ということです。私は、子どもの貧困問題の中心にあるのが、体験格差だと思っています。。重要なことは、これまでのクーポンの利用実績を振り返ると、９割以上がいわゆる狭い意味での「学習」を目的として利用されているということだ。つまり、学習塾、個別指導塾、家庭教師などでの利用がメインで、受験対策のニーズがやはり大きい。第一部でも紹介した通り、特に中学３年の時期には家庭が支出する学校外での平均的な学習費が大きくなるため、その負担への補塡という意味合いで利用されてきた。逆に言えば、「体験」を目的として利用されたケースは全体の１割に満たない。。例えば、ドイツでは日本のＮＰＯに似た...
価格支配力とマーケティング,現状と理想の間にある解消したいギャップのことを「問題」という。そして、その問題の根幹にかかわる要因の中で、解決時のインパクトや緊急性が大きいために、「解かねばならない」と決めたことを「課題」と呼ぶ。。実は、エクセル、ワード、パワーポイントなど、一つひとつのソフトの価格を意識させるとペインを感じやすくなる。しかしＰＣに「組み込み／プリインストール」したり、いくつかのソフトを「ワンパッケージ化」したりする巧みな販売戦略によって、価格を知覚しづらくなっている。つまりペインを感じにくくされているのである。。マーケティングの妙は、顧客の琴線に触れるコミュニケーションによって価値均衡点／ＶＥＬ：Value...
倫理資本主義の時代 (ハヤカワ新書),複雑な倫理的問題が生じるのは、一つの行動の結果を完全に明らかにするのはほぼ不可能だからだ。その原因は、私たちの行動が社会および自然の文脈に組み込まれており、そうした文脈の細部には常に一定の不透明さが付きまとうためだ。。私のいう社会とは、相手の存在に合わせて態度を調整する二人以上の行為者による取引の集合体として最大のものだ。。人間の自由はどこまでも社会的なものだ。この重要な事実のもっともシンプルな根拠は、人間がしたいと思うことのほとんどは他者と一緒でなければできないということだ。。問題は新自由主義に基づく改革が、金権政治と経済的寡頭体制という新たな封建体制を生み出したこと、それらは資本主義と相容...
分解の哲学――腐敗と発酵をめぐる思考,生態学の世界では「分解」と呼んでいるが、この概念は「一つのものを個々の要素に分けること、または分かれること」という「分解」の基本的定義から逸脱するものではない。。ゾーン゠レーテルの議論でもっとも興味深いのは、「始まり」についてである。完璧な機械を扱う場合、人間と機械の関係の「始まり」は生まれない。「技術は、むしろ、人間が、自分に敵対的で閉鎖的な機械のオートマティズムに拒否権を発動するところではじめて始まる」のである。
利他・ケア・傷の倫理学,どうして僕らは時に、喜ばれないプレゼントを贈ってしまうのでしょうか？ プレゼントは嬉しいもの、良いものというイメージがあると思いますが、僕らの日常を考えると、貰って嬉しいプレゼントよりも、貰うと困ってしまうプレゼントのほうがもしかしたら多いと言えるかもしれません。だから最近では、こちらが事前に選んだ具体的なモノを渡すのではなく、相手が好きなものと交換できるギフト券やカタログギフトが贈答品として好まれる傾向にあるのでしょう。 私が選んだモノはあなたにとって要らないもの、貰ってしまうと困るものかもしれない。 そんな懸念が払拭できないわけです。。アンパンマンがやさしいヒーローであることが可能...
勝利の流れをつかむ思考法　F1の世界でいかに崖っぷちから頂点を極めたか,仕事を進めるうえで、会社員として何をすべきか、ということは、その組織に所属している以上、もちろん重要だ。しかしその一方で仕事とは、それを通じて自己実現を図ることができる絶好の機会でもある。。事態がどう転んでもよいように、切るべきカードは一枚でも多くもっておく。これは仕事を進めるうえでの鉄則だとぼくは思っている。相手だけに主導権を握らせず、つねにこちらもカードを切る側にいる、ということだ。。50／ 50 の関係性が崩れてしまうと、そこに力関係が発生し、ニュートラルに相手のことが見られなくなる。それによって、お互いが幸福になるための〝掛け算〟もできなくなる。つまり、よかれと思って契約で自分たちが優...
北条氏の時代 (文春新書),京都の生まれである頼朝には、故郷に錦を飾るという大望があったことでしょう。それをぐっと 堪えて先に関東を平定しようと考えたのは、本当に大きな決断となりました。頼朝がいまやろうとしていることは何か。京都に入って平家の後釜に収まることなのか。そうではない、関東武士の自立こそが自分のなすべき仕事ではないのか。頼朝の作った政権は、基本的に「何よりも先に関東の事を考える」集団となったのです。この決断はその後も頼朝の一貫した姿勢となります。。この「頼朝政権」は「外交」も行いました。その相手は、「京都の朝廷」でした。朝廷に対して、自分たちが実効支配している土地の権利を認めさせる。この「外交」こそ、それまでの...
千年投資の公理 ──売られ過ぎの優良企業を買う,堀のある企業のほうが長期間利益を生み出すことができるため、現在価値は高い。堀のある企業の株を買うということは、今後何年間もライバル企業から守ってくれるキャッシュ。堀のある企業の株を買うということは、今後何年間もライバル企業から守ってくれるキャッシュフローの流れを買うことを意味している。これは、一〇年走る車を買う場合には、二～三年で故障するポンコツ車よりも高い金額を支払うのと似ている。。フローの流れを買うことを意味している。これは、一〇年走る車を買う場合には、二～三年で故障するポンコツ車よりも高い金額を支払うのと似ている。。大きな利幅と急成長にすぐ目が行ってしまうが、本当に重要なのはこの大きな...
問い続ける力 (ちくま新書),天才起業家ピーター・ティール（PayPalの共同創業者） は、採用面接の際に必ず次のように尋ねるという。 「賛成する人がほとんどいない、大切な真実は何だろう？」 これに対して、「世の中のほとんどの人はＸを信じているが、真実はＸの逆である」と答えることができれば正解なのだという。。帰納法を有効に使うポイントは、「いい意味での例外」を見つけられるかにかかっている。もちろん例外なので、パターンが見えるまで例外を集められるかが最大の障壁になる。。〝イノベーションの種となる適切な問いは、「大きな視点」と「小さなディテール」を高速で行ったり来たりすることでしかうまれない〟。研究の世界では、思考が進まない...
国家はなぜ衰退するのか　権力・繁栄・貧困の起源（上）,本書が示すのは、ある国が貧しいか裕福かを決めるのに重要な役割を果たすのは経済制度だが、国がどんな経済制度を持つかを決めるのは政治と政治制度だということだ。。こんにち異なるパターンの制度が過去に深く根を下ろしているのは、いったん社会が特定の方法で組織されると、それが持続する傾向があるからだ。われわれは、この事実が政治的・経済的制度の相互作用の仕方に由来することを明らかにする。。しかし、ブシアの経験によって強調されるのは次のような事実である。すなわち、市場の失敗を減らし、経済成長を促す政策の採用を主に妨げるのは、政治家の無知ではなく、社会の政治・経済制度から生じ、彼らが直面するインセンティヴと制約...
夢中になる東大世界史～15の良問に学ぶ世界の成り立ち～ (光文社新書),「アメリカは独立したといっても、領土は東部のみで西部には広大な未開拓地が広がっていました。アメリカは、 19 世紀の１００年間をまるまるフロンティア開拓に費やします。『独立』は終わっても『建国』はまだ終わっていなかったんですね。さて、そのフロンティア開拓を進めるにあたってアメリカがヨーロッパに対して発表したのが、アメリカ大陸とヨーロッパの相互不干渉を主張するモンロー宣言（１８２３年）です。そもそも東に位置するイギリスからの干渉が嫌で独立したわけですし、フロンティア開拓は西に向かう運動ですから、東から、つまり背後から干渉されることを防ぐという目的がありました」
大坂堂島米市場　江戸幕府ｖｓ市場経済 (講談社現代新書),おりしも一七世紀中期から後期にかけての時期は、大坂市場がその物理的基盤を整備し、中央市場としての機能を果たし始めた時期でもあった。大名財政の運営にとってもはや不可欠となった江戸幕府通貨を獲得するためにも、成長著しい大坂市場での米販売が重要性を帯びていったのだ。。諸大名が領民に粛々と米を作らせて大坂に運ぶという、いわばシンプルな経済構造は、鎖国体制の確立、大坂市場の物理的基盤の整備、幣制の統一、全国規模での農地開発などの要因が複合的に作用して、一七世紀中後期を通じて確立されたものであった。「天下の台所」大坂は、決して商人だけの力で作り出されたものではなかったのだ。。米を市場で現金に換え、その現金...
始皇帝　中華統一の思想　『キングダム』で解く中国大陸の謎 (集英社新書),たとえ君主であっても、なにか事を起こす場合は、その地域のローカル権力者の協力なしでは進められないのだ。このように、ローカル権力者の力が温存されている構造が、氏族制社会の特徴である。。戦国時代を通して、国力で見ればもっとも中華統一に近かったのは楚だが、楚はとりわけ氏族制が強く、王族は１０００人を超えていたとされる。統一ともなれば、国を挙げた大事業にならざるをえないが、自分の領土を持った、独立性の高い１０００人もの王族を説得しまとめ上げることは難しい。。そこで商鞅は、氏族制を崩し、それぞれが身近な目上の者に向けていた忠誠心をダイレクトに君主へ向けるような仕組みを作りだしたのである。ローカル支配者の...
子どもは40000回質問する～あなたの人生を創る「好奇心」の驚くべき力～ (光文社未来ライブラリー),意見は、科学者たちが精神の働きについて解明してきたいかなる事実とも相容れない。 労力と喜びはもちろん両立する。認知欲求が強いタイプは雇用主のために課題を解決するのが得意にちがいない。なぜなら実のところ、自分のために課題に取り組んでいるからだ。。拡散的好奇心は探究心への第一歩だ。私たちが未知なるものへと目を開くきっかけとなり、新たな経験を求め、それまで縁のなかった人々に出会うことを後押ししてくれる。ただし、知ることへの欲求をふくらませて成熟させない限り、何の洞察も得られないまま興味の対象を次々と替えるだけで、エネルギーと時間を無駄にしかねない。束縛のない好奇心は素晴らしい。しかし、方向性をもた...
安倍晋三　回顧録,官邸一強」と呼ばれた体制が、新型コロナへの対応では迷走しました。検査や病床確保の「目詰まり」の正体は何だったのでしょう。 感染症への対処は国の責任ですが、権限的にも予算的にも国が介入できる手段が少なかったということに尽きると思います。指示する権限や仕組みがないので、自治体や保健所、医療機関を国が動かせない。その壁は厚かった。。薬事承認の実質的な権限を持っているのは、薬務課長です。内閣人事局は、幹部官僚７００人の人事を握っていますが、課長クラスは対象ではない。官邸が何を言おうが、人事権がなければ、言うことを聞いてくれません。。例えば２００人の大会をやると、参加者は、「安倍の話を聞いた」という。...
宗教の起源,ある。事実、今日世界を席巻する宗教の歴史をひもとけば、そのはじまりはすべて、宇宙の真理を見つけたと主張するカリスマ指導者と、それを取りまく小さなカルトであることがわかる。そしてそのすべてにトランス状態をつくりだす儀式や慣習があり、信者に驚嘆をあたえ強烈な忠誠心を生みだしていた。。あいにく人間は複雑なことを扱うのが少々苦手で、厳密には二項対立でない現象も、都合よく二つに分けたがる傾向がある。つまり教義という立派な表看板の下には、いにしえの神秘的な異教の土台が隠れているのだ。実は本書の核心はそこにある。。人間の遺伝子の大多数は、進化の過程でウイルスや単細胞生物が自らのゲノムを人間のゲノムにもぐりこ...
家を買うときに「お金で損したくない人」が読む本,・新築から５年以降で急激に下がる。 ・その後ゆるやかに下がっていき、最後は取り壊し費用の分だけマイナスとなる。。金利の上げ下げの主導権を握られるのは仕方がないことです。 私たちにできるのは、金利が低いうちに、また、住宅ローン控除で守られているうちに、繰り上げ返済のための貯蓄を貯めていくこと です。それが銀行への対抗手段であり、それを実行できる人が変動金利に向いているのです。
小倉昌男　経営学,一生懸命頑張ってネットワークを作り上げる。そのネットワークの上を毎日荷物が流れていく。それがある日、ある数を超したとき、じわりと利益が滲み出てくる。段々滲み出る日が多くなると、ネットワークのどこからか利益がぽたりぽたりと滴り落ちる。そしてやがてそれが集まって、ちょろちょろと溜まり始める。どこから出て来るのかはわからないが、全体として利益が出る。ネットワーク事業というものはそんなものではないだろう。私は思った。サービスを提供する供給者の論理と、サービスを受ける利用者の論理は、正反対の場合が多い。供給者はとかく自分の立場に立って考える、つまり、自分の都合を中心に考えるのである。でも、それは間違って...
岩田さん: 岩田聡はこんなことを話していた。 (ほぼ日ブックス),たぶん、その面談のときにわたしは「判断とは、情報を集めて分析して、優先度をつけることだ」ということがわかったんです。「そこで出た優先度に従って物事を決めて進めていけばいい」と思うようになりました。 そうやって判断を重ねていったら、物事がだんだんうまく回り出しますから、それはきっといろんなことに適用できる真実なんだろうというふうに感じて、それが自分の社長としての自信につながっていくんですね。。相手が誤解したり、共感できなかったりするときには、いくつかの決まった要因があるとわたしは思うんです。そのいくつかの組み合わせで、人は反目しあったり、怒ったり、泣いたり、不幸になったりしている。そういうと...
崖っぷちだったアメリカ任天堂を復活させた男,まずは自分に正直になること。議論において自分の正しさを証明したいとか、勝ちたいという欲求と、自分の確固たる信念とを分けて考える。本当にそれが正解だと思ってやろうとしているのか。他の誰かが同じことを提案しても、ちゃんとこれを支持するだろうかと、自問してみるといい。。ビジネスで必要なのは 3 つの種類の関係だ。まず、以前にあなたと同じ仕事をやり遂げて、その仕事の仕方を教えられるコーチだ。相談できるメンターも必要だ。伝えにくい点を代弁してくれて、代わりのアプローチやアイディアを提案してくれる。最後にサポーターだ。サポーターは周囲にあなたのことを好意的に語ってくれる……
師弟百景　“技”をつないでいく職人という生き方,「我々は今生きている人間だから、今の感性で作品をつくるわけだけど、今ってなんだろうなと思うんだな。古典を知ると、それが見えてくるんだよな」。「人には、視覚だけで捉える『写の目』と、視覚と心で感じる『観の目』がある。『観の目』で彫りあげるのが仏師や」。「私たちがやっているのはアナログだから。シンプルな技術だからこそ、織り手の心が混じり込んで一枚の織物になるんですね。『経糸は運命、緯糸は生き方』です」。日本の法律では、最終工程だけ日本でおこなえば〝Made in Japan〟と表記できる。「
幣原喜重郎　国際協調の外政家から占領期の首相へ (中公新書),所謂 幣原外交の理念は小村外相の伝統を継承するものであって、外交は戦争ではない、一方が勝って他方が負けるということはあり得ない。外交においては常に両国相互の本然の立場を互いに尊重し合って、両国国民の利害関係を公平に調整する。 即ち所謂ギヴ・アンド・テークに 依り双方の満足すべき取決めを結ぶということが外交本来の目的である。〔。小村さんが常に部下に教えて居られたことは、外交官は国民の 喝采 を博そうなどと考えてはいけない。外交官が国民の称賛を得ようとして後向の外交をやれば、それは必ず国を戦争に導く危険を生ずる。外交官は常に軟弱外交といわれて国民から攻撃されるということを覚悟していなければならない...
怪物に出会った日　井上尚弥と闘うということ,各メディアが独自で設定する、全ボクサー対象の最強ランキング「ＰＦＰ（パウンド・フォー・パウンド）」において、どれを見渡しても井上はトップ３に名を連ねる。世界が認める実力に加えて、配信サービスやスポンサーの影響は大きく、高額のファイトマネーを捻出できる仕組みを生みだした。。井上君と闘って燃え尽きたボクサーもいるだろうし、やりきれなかった人もいると思う。だけど、リング上で体感する井上君は特別で、一瞬一瞬が命懸けになる。もうね、本当に一瞬一瞬なんですよ。だから、しっかり覚えているんじゃないですかね」
恐れのない組織――「心理的安全性」が学習・イノベーション・成長をもたらす,だ。フィアレスな（不安も恐れもない） 組織とは、知識集約的な世界にあって、対人関係の不安を最小限に抑え、チームや組織のパフォーマンスを最大にできる組織のことである。未来に対する不安を持たない組織のことでは、決して。心理的安全性とは、大まかに言えば「みんなが気兼ねなく意見を述べることができ、自分らしくいられる文化」のことだ。より具体的に言うなら、職場に心理的安全性があれば皆、恥ずかしい思いをするんじゃないか、仕返しされるんじゃないかといった不安なしに、懸念や間違いを話すことが。多くの人と同様、クリスティーナは気づかぬ間に、職場での自分のイメージをコントロールしていた。著名な社会学者のアーヴィング...
成人発達理論による能力の成長 ダイナミックスキル理論の実践的活用法,私たちの能力の成長は、自分の内側に溜め込まれる形で成し遂げられるような静的なものではなく、状況や他者との関わりを通じて絶えず変化をしながら成し遂げられるという動的なものです。。このメタファーが示す重要なことは、私たちの能力は階段状のステップとは異なり、成長のプロセスにあらかじめ決められた順番や形というのは存在しない、ということです。 要するに、私たちの能力は、置かれている環境や取り組むタスクと相互作用することによって、様々な能力が徐々に網の目を強固に張り巡らせていく形で成長していくのです。。私たちの能力は、置かれている状況や取り組む課題に応じて、ダイナミックに変動するものです。置かれている状況...
戦略としての企業価値,「成長」と「稼ぐ力」を高めて企業価値を生み出す戦略の内容は次の点を踏まえて作成され、そして徹底して実行されるべきである。 成長と稼ぐ力という要諦をはっきりと意識したうえで、これらを軸にしている。 徹底して実行でき、そしてキャッシュフローを生み出していけるように、具体的でアクショナブルなものになっている。 どのような因果関係を経て原因行為である戦略が結果としてのキャッシュフローにつながっていくのかが明らかになっている。。全社戦略と事業戦略は並存する。そして、どちらに軸足を置くかは、その企業が置かれている状況によって、振り子のように変化していく（ 図表1-5「全社戦略と事業戦略」を参照）。 すなわ...
戦略の要諦 (日本経済新聞出版),戦略を立てるスキルは三つの要素で形成される。第一は、ほんとうに重要なのはどれで、後回しにしてよいのはどれかを見きわめる能力。第二は、その重要な問題の解決は手持ちのリソースで現実的に解決可能なのかを判断する能力。第三は、リソースを集中して投入する決断を下す能力、逆に言えば、貴重なリソースを小出しにしたり、一度にいろいろなことに手を出したりする愚を犯さない能力である。。戦略 とは困難な課題を解決するために設計された方針や行動の組み合わせであり、 戦略の策定 とは、克服可能な 最重要ポイント を見きわめ、それを解決する方法を見つける、または考案することにある。。生産性の高い人は、最重要ポイントに全力...
手数料と物流の経済全史,ば、「構造的権力」とは、国際政治経済秩序において、「ゲームのルール」を設定し、それを強制できる国家を指す。。言語の習得により抽象的な思考が可能になった。そのため、ユヴァル・ノア・ハラリが『サピエンス全史』（河出書房新社）で述べた認知革命が生じることになった。彼によれば、ホモ・サピエンスは認知革命により他人も自分と同じ認識をしているということを理解するようになり、虚構を共有する能力を身に付けたのである。この能力こそ、人類が集団で働くことを可能にさせた。抽象的な考え方ができるようになり、認識能力が大きく拡大したといえよう。。おそらく農民は、気の遠くなるような長い年月をかけて、狩猟採集民には届かな...
手段からの解放―シリーズ哲学講話―（新潮新書）,我々は浪費家になって、物を享受し、楽しんでよいはずなのに、消費者になるよう仕向けられ、終わりのない記号消費のゲームに引きずり込まれている。。ワインの味がもたらす享受の快は、ただ単においしいということの享受であって、目的からも手段からも独立しているし、独立して考えられるし、独立して考えられねばならない。。もう少しかみ砕いて言えば、行為が目的意識に満たされている時、快適なものを享受するはずの行為は、手段として有用なものに変容してしまう。享受の快は訪れず、単に目的達成の満足だけが残る。目的-手段連関を持ち込んだとたん、享受の快は享受の快ではなくなると言ってもよい。。カントは「病的なもの」という言葉に...
承久の乱　日本史のターニングポイント (文春新書),実は、源頼朝もその家来も、頼朝を将軍に任命した朝廷も、誰一人として「鎌倉幕府」というものが生まれた、とは考えていませんでした。なぜなら、武士が政治を司った体制・政権を一般的に「幕府」と呼ぶようになったのは、明治時代のことだからです。。頼朝を棟梁と仰ぎ、そこに結集することで、自分たちの権益、特に土地の保障（ 安堵 といいます） を得る。これが鎌倉幕府の本質でした。その頼朝による土地の安堵が「御恩」、それに報いるために、頼朝の命令のもと戦うことが「奉公」です。。実態は破綻したとはいえ、「公地公民」の建前は維持されています。つまり、荘園とは、あくまでも本来あるべき姿からの逸脱であって、理念上は、役所...
投資される経営　売買（うりかい）される経営 (日本経済新聞出版),ん。世の中は大きく「買ってから勝負が始まる」事業と、「買った瞬間に勝負が決まる」事業に二分されると思うのですが、付加価値が薄く買った後に足せるものがほとんどない上場株式の投資事業は後者の典型なのです。。ん。「バリュー」という言葉が「価値」を意味する通り、企業の価値を見極めて投資する戦略で、価値と比べて株価が割安になったら投資を行うという手法です。。に「相対比較」思考では「何が本質的に正しい価格なのか」という軸がないため、どうしても市場の動向に左右されがちです。腰を据えた長期投資につながりづらいのです。。１年というのは「地球という惑星が、太陽という恒星の周りを、たまたま１周する期間」です。そう...
教養としてのアート 投資としてのアート,「観る」ことは受身ですが、「買う」ことは能動的にかかわることであり、それによって新しい価値観をアートに対して発見することができます。。日本のアート・マーケット規模は５００億円ほどと予想されます。。大手ギャラリーは一度販売したアートを買い取る資金力があるため、コレクターが作品を買った後も必ず販売した価格以上で買い取れるという「信用」をつくっている。単純に多く売れば価値が上がるのではなく、その後のセカンダリー・マーケットまでを含めた戦略がなければ「信用」をつくることができない。アーティスト自身は感性で作品を制作しますが、売る時にはその作品の世界観を説明するロジックが必要となります。つまり、販売する...
文章は、「転」。,疑問をもつこと。問題を発見すること。問いかけが、人間の人間たるゆえんです。 世界を変えるのは答えではないです。問いこそが、世界を変える。。文章とは、人の思想、感情を載せて走るキャリアー（媒体）だ。。ところが転というのは解答ではない。ある事象に直面して、自分がどう感じ取ったか、なにを考えたか。そこが転になるんです。だから本質的なのは〈自分〉です。要は、〈生き方〉です。自分は、いままでどう生きてきたのか、そここそが、問われる。。結論まで書いたのなら、もう原稿は終わってるじゃないか。 そう、そこがポイントです。自分の書きたいことを、承までで書ききってしまう。文章を、終わらせる。文章は、終わって...
新もういちど読む山川世界史,オリエントやその周辺の多神教の世界のなかで，善・悪2神の対立を説くイランのゾロアスター教（ 拝火教） も特異な存在であった。ヘブライ人の 唯一 神 ヤハウェに対する信仰は，他神を認めない排他性とユダヤ人だけが選民として特別の恩恵をあたえられているという選民思想とによって独自の世界をきずいた。このユダヤ教からのちにキリスト教がうまれ，さらに両者の影響のもとにイスラーム教が成立して，現在にいたるまで世界史のあゆみに密接なかかわりを保ち続けている。
新マーケティング原論 ──「売れる戦略」のシンプルな本質,自分たちの思考の枠組みを「意識」できていたほうが、発想は広がりやすくなるということです。逆に、枠組みが「無意識」なものにとどまっているときには、必ず思考の「見落とし」が生まれます。ビジネス上のフレームワークは、具体的なケースを代入すれば正解が出てくるような公式ではなく、あくまでも発想を広げたり考えモレを防いだりするための補助ツールなのです。。【定義】マーケティングとは「一定費用の下で、適切な買い手群にとってよりコストパフォーマンス（CP）の高い商品を生み出し、その存在を認知させ、その内容を理解させ、これを送り届けることによって、粗利を最大化する総合活動」である。。用意された一定の費用の範囲内で...
新・ラグジュアリー　文化が生み出す経済 10の講義,古代から時代とともに「ラグジュアリー」の意味は常に変わってきたのです。まずは王権や宗教的権力を示すためのラグジュアリーがあり、産業革命後は新興ブルジョワジーの権威付けのためのラグジュアリーがあった。 20 世紀後半からは、欧州以外の地域での欧州文化への憧れや自慢の対象として、ラグジュアリーは存在感を出してきました。。ラグジュアリー市場はニッチだといわれながらも、パンデミック以前、 ベイン＆カンパニー が発表した２０１９年のデータによれば、世界の市場規模は１４０兆円以上にのぼります。２０２０年は激減しましたが、２０２１年のアパレルやアクセサリーなどの最終消費財は、２０１９年並みに戻りました。また...
新装版「エンタメ」の夜明け　ディズニーランドが日本に来た日 (講談社＋α文庫),オリエンタルランドは、１９６０年、三井不動産、 京成電鉄などが 浦安 沖埋め立てなどのために設立した会社である。。同社は、千葉県が県の予算で行うべき２６３万坪の埋め立て工事を請け負い、その結果、１１５万坪の土地を破格の安値で払い下げてもらうことになった。ただ、工事の認可にあたって、埋め立てた土地に県民の雇用と福利に寄与する遊園地を造るという条件があった。その条件を満たすため、オリエンタルランドはさまざまな可能性を検討し、最終的にはディズニーランドを誘致するのがいちばん、ということになった。。正力は、街頭テレビジョンの前に大衆を集めることで、広告メディアとしての価値をスポンサーに認めさせることに...
日本のスポーツビジネスが世界に通用しない本当の理由 (光文社新書),日本はセ・パともに大いに盛り上がり、アメリカはストに揺れた。この１９９４年当時の市場規模は、どちらも１５００億円だったと言われている。
日本の大課題　子どもの貧困　――社会的養護の現場から考える (ちくま新書),日本の社会保障政策は、家族を単位として実施されています。このため、家族から切り離されてしまった子どもたちは、従来の社会のセーフティネットでは救うことができないのです。。少なくとも７万人は存在すると言われています。海外の例と比較してみても、この数は妥当な数だと思います。つまり、養護施設に入れない予備軍がいるわけです。その予備軍を早くからケアしてあげれば、虐待などに起因する精神疾患をこじらせずにもっと軽症で済むはずです。。イギリスの場合、施設入所の年齢条件は 18 歳までだったのですが、それを 22 歳まで引き上げています。サポートする期間が短ければ犯罪に手を染める機会は多いですが、 22 歳まで...
日本人のための第一次世界大戦史 (角川ソフィア文庫),やがてフォッグ氏が旅する前年の１８７１年に終結する普仏戦争によってドイツ帝国として統一を果たしたのです。イタリア王国の成立が１８６１年です。ドイツやイタリアなどの列強の国家統一は、実は日本の明治維新と同じ頃だったのです。。歴史を学ぶということは多様な過去の出来事からエッセンスを抽出し条件の異なる現代の出来事を正しく理解するということにつきます。。プロイセンが普墺戦争において参謀本部に指揮系統を一本化することができたのは、鉄道と電信というテクノロジーの発達に負うところが大きいでしょう。大モルトケは「新規の鉄道開発はそのすべてが軍事上の有利につながる。国防のためには新たに要塞を建設するより、数百万...
日立の壁―現場力で「大企業病」に立ち向かい、世界に打って出た改革の記録,少にして学べば、壮にして為すことあり。壮にして学べば、老いて衰えず。老いて学べば、死して朽ちず、だよ」。カンパニー制とは、社内の各事業部門を疑似的な会社として、グループ会社と同様に、１つの法人とみなして事業展開する制度です。社内カンパニー制と呼ばれることもあります。それぞれに社長を置いて責任と権限を明確化し、独立採算による迅速な運営を徹底することが狙いです。 カンパニー制は日本では１９９４年にソニーが初めて導入し、大手自動車メーカーや電機メーカー、銀行など、さまざまな業界の多くの企業が導入してきた制度です。。社長になってわかったことですが、上期まではどの社内カンパニーも「年度内の目標は達成可...
日露戦争、資金調達の戦い―高橋是清と欧米バンカーたち―（新潮選書）,日本は日清戦争における清国からの賠償金を原資に金本位制を採用したが、これは何も日本銀行の金庫に物理的に保有するゴールドがうなっているわけではなかった。清国からの賠償金は在外正貨として英ポンドでロンドンの銀行に預けられ、その預金残高をベースに日本は兌換紙幣の発行をしたのである。。金を獲得するには金鉱山を持ち、金の採掘ができれば一番良いのだが、それが無い場合には輸出によって外貨を稼がなければならない。また逆に言えば、それは物資を海外から輸入すると金（正貨）が流出することも意味していた。。もともと中世欧州の専制君主達は、戦争のための軍資金が必要になるとジェノヴァやフィレンツェの商人に、またイタリア方...
昭和１００年,社会学者の 小熊 英 二（昭 37） は、「平成」を、１９７５（昭 50） 年前後に成立した日本型工業社会が機能不全になる中で、問題の先延ばしのために補助金と努力を費やした時代だと総括した 9。。カジノの街として開発されたラスベガスだが、戦後すぐは今ほどの娯楽施設が充実していなかった。そこで１９５０年代にはキノコ雲が貴重な観光資源の一つだったのだ。砂漠に現れた太陽よりも明るい火の玉は人気のアトラクションとなり、ラスベガスの繁栄に大いに貢献した。。内閣府の「国民生活に関する世論調査」は毎年「今後の生活の見通し」について聞いている。「今後の生活の見通し」を「よくなる」「同じようなもの」「悪くなる...
最高を超える,内容が何であれ、人に提案する前に 自分が どうしようもないくらい心躍るものになるまで練り直して、また声をかけてほしいと思う。。ＭＢＯを用いなければ皆が仕事をしないというなら、メンバーに問題があるか、マネジャーに問題があるか、またはその両方といえる。。しない。どのみち職場にいなければならないのだから。 リーダーがペースを決めよう。「１週間ほどで回答します」などと言われる時、私は聞く。「明日や明後日にならないか？」。物事にかかる時間を圧縮していこう。。今でも私は、経験よりも適性重視で採用することを心がけている。必ずしも「あれもこれも経験済み」といったタイプが必要なわけではない。履歴書を見てチェック...
未来をつくる起業家　～日本発スタートアップの失敗と成功　20ストーリー～ (NextPublishing),僕は自分の失敗や他人からのアドバイスを書きためていく習慣。3年後、5年後の未来の人々の生活はどうなっていて、その時に当たり前になっているものは何だろう。小さくてもいいので実際に何か事業をはじめて、その業界の関係者になること。経営者が節約をすることで、会社も無駄遣いを避けるようになりますし、創業時には強いリーダーシップを生み出します。。3年、5年、10年後の未来に対して、自分が誰よりも信じられる強いヴィジョンを持つこと。企業の文化は口ではなくて、行動でしかつくれません。。日本のスタートアップには、グローバルで活躍をするロールモデルがもっと必要。同じように好奇心旺盛だった友人2名と渋谷のジョナサン...
未来を実装する――テクノロジーで社会を変革する４つの原則,つまり今、ビジネスや社会実装の文脈でも、ロジカルシンキングやデザイン思考に加えて、 インパクト（理想） を設定し、理想と現状のギャップによって新たなイシュー（課題、問い） を生み出し、インパクトを提示することで人々を巻き込みながらそのイシューを解決していく ──いわば インパクト思考 が求められつつあるのです。そこで本書では「イシューからはじめよ」にあやかって、「インパクトからはじめよ」と主張したいと思います。。経路依存性では、小さな出来事やスタート地点、偶然が結果に対して大きな影響を持ち、その積み重ねによってバランスの取れる点へと収束することが示唆されます。言い換えると、人や組織の決定は、過...
検証 ナチスは「良いこと」もしたのか？ (岩波ブックレット),歴史的事実は「純粋なまま」でわたしたちのところにはやって来ない。なぜなら歴史的事実は純粋な形態では存在しないし、存在しえないから（１）」だ。何を注目に値する問題と見なし、何をどのように切り取るか。そこに一人ひとりの主体性や個性が発揮される。。歴史的事実は「純粋なまま」でわたしたちのところにはやって来ない。なぜなら歴史的事実は純粋な形態では存在しないし、存在しえないから（１）」だ。何を注目に値する問題と見なし、何をどのように切り取るか。そこに一人ひとりの主体性や個性が発揮される。。〈解釈〉という層が非常に重要である理由が、まさにこの点にある。歴史研究の蓄積を無視して、〈事実〉のレベルから〈意見...
楠木建の頭の中　戦略と経営についての論考 (日本経済新聞出版),競争戦略の要諦は業界のなかで独自のポジションを確立することにある。言い換えれば、顧客から見て、「ベター」ではなく、「ディファレント」な存在になるということ。Ｑ企業は次の５つで特徴づけられる。（１） 立ち位置（事業領域） を明確に絞り込み、（２） そこで一貫した戦略ストーリーを持ち、（３） 競合他社と差別化した独自の顧客価値を創出し、（４） それゆえ長期利益を稼ぎ、（５） 結果として成長を実現している。
機嫌のいいチームをつくる,主体性─自分自身の意思や判断に基づいて行動を決定する様子 自主性─当然になすべきことを、他人から指図されたり、他人の力を借りたりせずに、自分から進んでやろうとする様子  このように、主体性と自主性は明確に意味が違う。主体性には自分の意思や判断が含まれているが、自主性には含まれていない。。コーチの主たる役割は、技術を教えることではない。その選手が主体的に技術を向上させていけるように、気づきを与えることだ。。恐怖心ではなく緊張感。その意味に限ってだけ、パワーバランスがあってもいいのではないか。。しかし、それでも 監督は変化するプロセスを含め、すべてをオープンにしたほうがいい と考える。選手に主体...
欲望の見つけ方　お金・恋愛・キャリア,私の欲望は他者の媒介によって誘導されたもので、欲望の生態系は自分が理解できる規模を超えており、自分はその一部である。。人間はお互いが違うから戦うのではなく、同じだから戦うのだ。互いを区別しようとするから、敵同士の双子となり、互いに暴力を振るう分身同士となる（。正しくて良いことだと知っているだけは不十分なのである。正しくて良いことは魅力的でなければならない。言いかえるなら、欲望の対象にならなければならないということだ。。私たちは欲しいものとのあいだにはまっすぐな線が引かれていると信じている。それはまやかしだ。実際には、線は必ず曲がっている。 私たちの心の奥底には、何かを欲しいと思わせる人やモ...
武器としての会計ファイナンス　「カネの流れ」をどう最適化して戦略を成功させるか？,貸借対照表（英語の「Balance Sheet」の頭文字を略して、 Ｂ／Ｓ とも呼ばれます）は、会社が資金をどのようにして集めてきて、それをどう投資したのかを示す財務諸表の１つです。。損益計算書（英語の「Profit and Loss Statement」の頭文字をとって、 Ｐ／Ｌ とも呼ばれます）は、通常１年間の売上高から費用を差し引き、利益を計算するための財務諸表。ここまで述べてきたように、利益とキャッシュ・フローは必ずしも一致しません。むしろ、実際のビジネスでは利益とキャッシュ・フローは基本的に一致しないものだと考えたほうがよいでしょう。 この理由の１つは、図表２－７を用いて説明した工...
歴史とは何か (岩波新書),事実というのは、歴史家が事実に呼びかけた時にだけ語るものなのです。いかなる事実に、また、いかなる順序、いかなる文脈で発言を許すかを決めるのは歴史家なのです。。われわれが読んでいる歴史は、確かに事実に基づいてはいるけれども、厳密に言うと、決して事実ではなく、むしろ、広く認められている幾つかの判断である＊。」。すべての歴史は「現代史」である、とクローチェは宣言いたしました＊。その意味するところは、もともと、歴史というのは現在の眼を通して、現在の問題に照らして過去を見るところに成り立つものであり、歴史家の主たる仕事は記録することではなく、評価することである、歴史家が評価しないとしたら、どうして彼は何...
歴史と戦争 (幻冬舎新書),ポーツマス条約調印に反対した「日比谷焼き打ち事件」にしても、一種の情報不足からです。国民にはどれほどきわどい勝ちであったかは伝えられず、ただ「勝った、勝った」とだけ書くものだから、賠償金も領土も得られないとわかって暴動になってしまった。この時、頭山満以下の人たちが読んだ檄文がこれまたものすごい。 「十万の英霊と二十億の国費とを犠牲にしたる戦勝の結果は、 千載 ぬぐうべからざる屈辱と、列強四囲の嘲笑のみである。だれの責任か」 ──「十万の英霊と二十億の国費」、このスローガンが、大正から昭和にかけて、つまり満洲という広野をめぐっての列強との 鬩 ぎ合いのときに、「満洲を手放すのは十万の英霊と二...
爆速成長マネジメント,プロダクト・マーケットフィットの次のお題は、市場を獲ることです。具体的に言うなら、市場すべてにプロダクトが行き渡る方法を考え出すこと、そして独占的な市場シェアを獲得する方法を考え出すことです。。世間の噂と違い、成功するテック企業の基本モデルはプロダクト中心思考ではなく流通中心思考です。。しかし、アーリーアダプター層は市場全体では永遠の少数派です。ここで多くの起業家、特に技術系の創業者が犯す間違いが、残りの市場すべてがアーリーアダプター層のように振る舞うと期待することです。要するに顧客が自分たちを見つけてくれるという思い込みです。当然、そんなことはあり得ません。 なぜあり得ないか。それは現代の...
物語 フランス革命　バスチーユ陥落からナポレオン戴冠まで (中公新書),革命が勃発した一七八九年の時点では、王政を廃止しようなどと思っていた人はフランス中に一人もいなかったと言っていいほどだ。。ナポレオンというと軍人のイメージが強いが、政治家でもあり、「フランス革命の混乱を終息させ、かつ、革命の成果を取り入れつつ近代社会の基盤を築いた」というのがナポレオンの歴史的功績なのである。
現代思想入門 (講談社現代新書),現代思想を学ぶと、 複雑なことを単純化しないで考えられる ようになります。 単純化できない現実の難しさを、以前より「高い解像度」で捉えられるようになる でしょう。 ──と言うと、「いや、複雑なことを単純化できるのが知性なんじゃないのか？」とツッコミが入るかもしれません。ですが、それに対しては、「世の中には、単純化したら台無しになってしまうリアリティがあり、それを尊重する必要がある」という価値観あるいは倫理を、まず提示しておきたいと思います。。何か問題が起きたときに再発防止策を立てるような場合、その問題の例外性や複雑さは無視され、一律に規制を増やす方向に行くのが常です。それが単純化なのです。世...
現代経済学　ゲーム理論・行動経済学・制度論 (中公新書),交換しない場合と比較して、よりよい状態になると想定することは自然な発想であろう。新古典派経済学のもっとも基本的なところには、このアイディアがあり、それは交換の経済学と規定することが可能である。ただし、この基本的アイディアが、アダム・スミスの「見えざる手」を説明するような市場理論にまで高められるには、もう一つのステップを介在させる必要があった。それは価格をシグナルとする完全競争市場の場で、誰と誰が交換できるかが決定されることである。これによって、社会的にもっとも望ましい交換の状態が実現されることが説明される。。経済学の転換を促した最大の事件は、一九七〇年代に「情報の非対称性」という概念が発見され...
現代経済学の直観的方法,銀行から借りた金には利子という鉄の鎖がついていて、企業は毎月毎年その利子を払わなければならない。言い換えれば、借りた資金を前より肥らさない限り利払いはできないわけであり、そのためにはひたすら売上げ拡大に 邁進 しなければならない。近代戦の定義にもよるかもしれないが、むしろ陸戦に本当に決定的な革命をもたらしたのは、鉄道の登場なのである。。こうして前線がいくらでも兵力・物資を要求するようになると、それに対する限界を作り出すのは国家の全体的な体力、つまり動員可能な兵力や生産可能な物資の数量である。。つまり前線で数の大きさが競われるようになったため、国家は持てる力のすべてを前線に注ぎ込まねばならない羽...
生成AI時代の言語論 THINKING「O」,まさにクリエイティビティの定義によるんですが、クリエイティビティと一般に呼ばれるものの八割から九割ぐらいは過去の経験の類型化と、その組み合わせだと思います。その意味でのクリエイティビティは、もう達成していると考えます。 一方で、真のクリエイティビティ、レベルの高いクリエイティビティというのは、違った分野の類似性を発見することであったり、行動によって新しいことを見つけ出すことだと思うので、そこまでは達していない。。一番の誤解は、いま人間が生産活動に寄与する意味のある仕事をたくさんしていると考えることです。これはまったくの誤解です。ほとんどの仕事は意味がないとまでは言わないですが、我々はもう物質...
生殖記,死の存在とそれまでの大体の期間を把握するということは、死を起点に逆算ができるということでもあります。このくらいの年齢のときにはこのくらいの自分でありたい、こういう自分であったほうがいい、あらねばならない。こういうふうに、死を知っているがゆえに生まれる理想と現実のギャップに、不安や焦りを感じてしまうんだと思います。
監督の財産 (SYNCHRONOUS BOOKS),それは、与えられた状況の中で、チームが勝ち切るための方法を見つけ出す──つまり「勝つカタチ」を見つける。「監督の役割」はそこに尽きる。。その清宮の性格は本当におおらかだ。ほかの選手たちが出発のバスに乗っているのに食事をしていてちょっと遅れる。「すみませーん」なんて言いながら、実はまだ何か口に入れている……。人によっては、「失礼だ」と思われるところだけど、私はそんな彼の特徴を「消したくない」と考えるタイプだ。それが彼の生きてきた道であるし、育ってきた環境は人それぞれ、全然違うものだ。 監督だからといって、清宮に「私たちと同じようにするべき」と言うのはあまりにお粗末な発想だろう。 ただ、それを...
直感と論理をつなぐ思考法 VISION DRIVEN,これは外界の状況を「感じ取り」（Sense）、そのなかから固有の「意味」（Sense） をつくり出す行動モデル。プロのデザイナーとデザイン専攻の学生を比較したある研究によれば、プロはいったん自分がアウトプットしたものを当初の意図に縛られることなく、客観的に再解釈する能力に長けていると
瞬考 メカニズムを捉え、仮説を一瞬ではじき出す,つながった時代」のビジネス世界においては、ビジネスプロデューサーが、物事を実現するために必要なアクションを最小限の単位に因数分解し、その最小単位に必要なスペシャリストを当てはめていく、という戦い方になるため、スペシャリストの数は今までより少なくて済むからだ。。課題を明確にする際には、時間軸をどれだけ取るか、範囲をどれだけ取るかが重要になる。その切り取る範囲によって、課題自体が変化する可能性があるためだ。。教養の深さは、瞬考においても、ＡＩに指示を出すためにも肝要である。 仮説が湧くのは、教養が深いからであり、そうでなければ、仮説は湧かない。 指示が出せるのは、仮説が湧くから。仮説が湧かな...
知略の本質 戦史に学ぶ逆転と勝利 (日本経済新聞出版),ある特定の状況や彼我の力関係を分析することから導き出された戦略は、ある特定の情況のもとではうまく機能し、成功するかもしれないが、情況や文脈が変われば、成功を収めるとは限らない。失敗するかもしれない。それは、戦略の本質を十分に洞察していないからである。。ある特定の状況や彼我の力関係を分析することから導き出された戦略は、ある特定の情況のもとではうまく機能し、成功するかもしれないが、情況や文脈が変われば、成功を収めるとは限らない。失敗するかもしれない。それは、戦略の本質を十分に洞察していないからである。。失敗の本質』の最も主要なメッセージは、「過去の成功体験への過剰適応」ということであった。これを本...
確率思考の戦略論　どうすれば売上は増えるのか,消費者の個人の選択も、同じようにランダムで選ばれているので、その結果がポアソン分布するのです。その確率分布を決めている構造こそが、脳内にあるサイコロの目、つまり「プレファレンス」に他なりません。プレファレンスに基づいてランダムに選ばれている、そのせいで結果がポアソン分布する。これが消費者の購買行動、市場構造の本質です。。大前提となる大切な考え方があります。それは「“定数”を動かそうと努力しても無駄。動かすべきは“変数”」ということ。このことを我々は肝に銘じておかねばなりません。必要な結果を出すために、いったいどれが“定数”で、どれが“変数”なのかということを、数学は我々に教えてくれているのです...
確率思考の戦略論　ＵＳＪでも実証された数学マーケティングの力 (角川書店単行本),ます。 人は1人1人、それぞれのプレファレンスに基づいたエボークト・セットに合ったサイコロを持ち、そのカテゴリーの購買回数の分だけサイコロを振っているようなもの です。それぞれの個々人のサイコロを振る動作が、全体として集積されたものが「シェア」であり、シェアは市場全体のプレファレンスを表しています。。1購入当たりの購入個数や平均単価において、直接的な奪い合いが起こっている訳ではありません。すなわち、我々は購入意志決定の争奪戦を行っているのです。。ようするに戦略の行きつく先もその3つしかないということです。 戦略、つまり経営資源の配分先は、結局のところ Preference（好意度）、 Awar...
社会学の考え方〔第２版〕 (ちくま学芸文庫),社会学は、人間の行為を、広範な 形成作用 figuration（５） の要素として考察することに特徴がある。すなわち、社会学は、ともに 相互依存（依存状態とは、特定の行為がなされる 蓋然性や、その行為がうまくいく可能性が、他の行為者が何者か、何をするか、あるいは何をなしうるかによって変化する状態にあることをいう） の 網の目 に組み込まれた行為者たちの選択的なnon-random集合の要素として、人間の行為を考察する。。社会学は、人間の行為を、広範な 形成作用 figuration（５） の要素として考察することに特徴がある。すなわち、社会学は、ともに 相互依存（依存状態とは、特定の行為がなさ...
社会学史 (講談社現代新書),近代社会というものの特徴は、比喩的な言い方をすれば、「自己意識をもつ社会」です。自分が何であるか、自分はどこへ向かっているのか、自分はどこから来たのか。それが正しい認識かどうかはわかりませんが、近代社会とはこういう自己意識をもつ社会です。。現に起きているものを「あえて」説明しなければいけないと思うのは、「それがなぜ起きているのか」「起きそうもないことなのに、起きているのはなぜか？」という気持ちが前提になります。「ありそうもないことが起きている」という感覚を、現に起きているものについてもたないと、社会学という学問にならない。。そういう社会秩序（秩序の崩壊も含む広い意味での秩序ですから、社会秩序も...
笑い神　M-1、その純情と狂気 (文春e-book),「自分でカメラを持って、夏から半年間、密着したら仲よくなるじゃないですか。それが最大の財産なんですよ。いつか誰かと番組をやろうというときに、そこでの信頼関係が生きてくる。その価値がわからない人は、平気で制作会社に丸投げできちゃう。こんなアホみたいな時間の使い方してるの、ＡＢＣだけですよ。三時間半の番組に半年間、かけてるんですから。でも、その労力をかけたくて、この世界に入って来てるわけやから。Ｍ‐１の外見はいくらでも真似できる。でも、本質を理解していなかったら、芸人の信頼は得られないと思います」
細胞―生命と医療の本質を探る―　上 細胞─生命と医療の本質を探る─,もっと簡単に言えば、遺伝子がコードを持ち、細胞がそのコードを解読する。このようにして細胞は、情報を形にする。つまり、遺伝子コードをタンパク質に変換するのだ。細胞がなければ、遺伝子は命を持たず、遺伝子は不活性な分子の中に保管された指示書のままだ。。ある。たとえばマラリアは、イタリア語の mala と aria を組み合わせたもので、その意味は「悪い空気」である）。。細胞は生命と生理機能の単位である、細胞は病気の中心的な単位である）。医療を一変させた薬である抗生物質が効くのは、それが微生物細胞には存在するが宿主細胞には存在しない何かを攻撃するためだ。ペニシリンは細菌の細胞壁を合成する酵素を阻害し...
組織――「組織という有機体」のデザイン 28のボキャブラリー,一般に組織改革とか組織改組などと言うが、その目的は「組織を変える」ことではない。「人々の行動を変える」ことが目的である。 どんなに大々的な組織改革を行っても、人々が行動を変えず、昔どおりの馴れ親しんだ価値観と行動をしているのであれば、その改革は失敗である。「人の行動を変える」という目的にとことん執着することを忘れてはいけない。。たとえば、それぞれの組織には、無意識になっている仕事の処理スピードである「体内時計」が存在する。。組織改革は、組織図を描き直すことではないし、組織の箱を増やしたり、減らしたりして実現するわけでもない。時代がつくり出す新たな状況は、想定もしなかった脅威かもしれないし、逆に...
経営12カ条　経営者として貫くべきこと (日本経済新聞出版),し、「潜在意識に透徹するほどの強く持続した願望を持つこと」を副題として掲げているわけです。。私は、路線ごと、路便ごとにリアルタイムに採算がわかるシステムをつくらなければ、会社全体の採算を向上させることはできないと考えました。そこで、京セラやＫＤＤＩのみならず、すでに数百社で導入実績のある「アメーバ経営」をもとにして、部門別、路線別、路便別にリアルタイムで採算がわかる仕組みを、さらにはそれぞれの責任者が中心となって収益性を高めるために創意工夫を重ねていける仕組みを構築することにしました。
経営×人材の超プロが教える人を選ぶ技術,一つの落とし穴が、先に述べたように、 優秀な人は、時に「平凡」の仮面を着けて現れる ということだ。。本当に怖いのは、学歴差別とハロー効果が、ことさら結びつきやすく、発動しやすいということである。 例えば、学歴が物足りない人に対して、相手から少しでもネガティブな一面（特徴的な印象） が見つかったときに、それが劇的に大きな影響を与え、燃え広がり、他のポジティブを覆い隠してしまうといった現象だ。。大事なのは排除や差別ではなく「そういうリスクがあることをあらかじめ認識しておくこと」 だ。そしてある程度は許容すること。許容範囲を超えたらどうするか、心づもりをしておくこと。つまり〝腹をくくっておく〟こと...
経営リーダーのための社会システム論～構造的問題と僕らの未来～,このように、構造的貧困の「構造」には二つの意味合いがあります。一つは、ステアリング（舵取り） 不能な、自分たちの営みより大きな「システム」に組み込まれてしまうという空間的帰結、もう一つは、いったんそうなってしまうと元に戻れないという時間的帰結です。。まとめると、社会学は、社会が思い通りにならない理由を究明することで、どの範囲で、どんなアプローチを採れば、複雑な社会に対峙しうるかを探求する学問です。。われわれは理性的に決定したつもりでも、本当は知らないことがいっぱいある。だから、決定後のステージでは、知らないことがいっぱい起こるわけです。そうすると予想外の帰結に入り込んでしまう。。もう一つの要因...
経営者こそ投資家である 企業価値創造のためのキャピタル・アロケーション (日本経済新聞出版),「健全なビジネスにおいては、現金は最小化されるべきもの、つまりＲＯＥなどの指標の足を引っ張る非生産的な資産とみなされることがある。しかし、ビジネスにとっての現金は、人間にとっての酸素と同じである。手に入る時には考えもせず、手に入らない時にはそれだけで頭がいっぱいになる。このようにお金の流れから見てみると、経営とはＮＰＶがプラスの投資案件を見出し、投資に必要な資金を調達し、そして、不要な資金は還元する、という３つの行動から構成されるキャピタル・マネジメントのプロセスだと考えられます。。例えば、米国の機関投資家は、企業が長期経営戦略に反映すべき要素として、競争優位性、長期目標、成長ドライバーと並ん...
経営者・従業員・株主がみなで豊かになる 三位一体の経営,このように、個別のお客さんに個別に対応するコストが重くかかる（固有コストの比率が高い）コスト構造の場合には、全社の売上がいかに増えても顧客別コストがいちいち追加的にかかってしまい規模の経済は効かないことになります。。は「Branded（すでにブランドを確立したもの）と、Branding（これからブランドを作ろうとする試み）は全然違う。Branded Goodsは高い利益を出しているかもしれないが、そういった結果だけを見て、Brandingすればいいのだ、という考えは短絡的。ブランドが経済的な堀を築くのは、それが消費者のさらなる支払い意欲を促すか、もしくはさらなる顧客を囲い込める場合に限られる。...
絶滅できない動物たち――自然と科学の間で繰り広げられる大いなるジレンマ,飼育されている状態だと個体群内部で形質の選択が行われ、この環境下の生存率は上昇するが、野生の生存率は上がらない。。進化が何世代にもわたる個体群の遺伝子構造における変化のプロセスだとしたら、種はどのような定義になるのか。。捕食などの選択圧が、短期間でグッピーの進化を型にはめることが明らかになった。この場合の短期間というのは約 30 世代から 60 世代だ。。現代の進化を掘り下げていくと、興味深い可能性が 開けた。人間は、種を絶滅の危機から救うために、種に進んでもらいたいと希望する方向へ急速に進化させるよう舵を切ることができる。もしわたしたちが意図的に、より強い、より回復力のある個体群へとつながる...
維新史再考　公議・王政から集権・脱身分化へ ＮＨＫブックス,一八五四年の日本の開国はこの事件と深い関係があった。ゴールド・ラッシュは、その直前からアメリカ政府が考えていた北太平洋横断航路の開設計画に現実的な根拠を与えたのである。この計画は、アヘン戦争の結果として西洋に開放された中国市場を目的としたもので、蒸気船を使ってニューヨークと上海の間をロンドン― 広東 間のイギリス商船より短時間で結び、価格競争でイギリスをうち負かそうというものであった。。したがって日本側はこの通信使を朝貢使節と見なしたが、朝鮮側はそのような見方はしていなかった。倭乱（豊臣秀吉の朝鮮出兵）の経験から、日本人に国内を見せないようにするため、使節の来訪を拒み、通信使はかつて侵略してき...
置かれた場所であばれたい,いい夫婦がどんな形であるかに明確な答えなどない。だからこそ自分たちの性格や考え方で最適な形をつくりあげることができる。許し許されるこの柔らかな関係が、何より心地良い。 そんな私たちにとっては、相手のいない時間の中でお互いの存在を形取っていく瞬間を持つことが、ちょっとした幸せであり、いい夫婦の形なのかもしれない。
美しき免疫の力　動的システムを解き明かす,実はワクチンは、単独では機能しないのだ。「アジュバント」（免疫 賦活 剤。「補助する」という意味のラテン語が語源）と呼ばれる物質を添加したときだけ、ワクチンとしての効果が発揮される。つまり単独では機能しなかったワクチンに、水酸化アルミニウムなどの化学物質をアジュバントとして加えると、ワクチンとして有効になるのだ。。免疫の歴史に記された最初の「臨床試験（＊ 10）」の被験者となる「有志の人々」は、病死する可能性のある試験への参加か、死刑による確実な死か、いずれかを選ばされる形で募集された。。そのせいで、誰もが大きな見落としをしてきた。われわれの理解には、免疫反応が開始される仕組みの説明がごそっと...
脳の大統一理論　自由エネルギー原理とはなにか (岩波科学ライブラリー),やや哲学的な話になるが、いま目にしているこの世界（これを自分の外の環境という意味で「外環境」と呼ぶことにしよう） もまた、私たちの脳が推論した結果であるといえる。たとえば、網膜に映る像が平面的であるのに外環境が立体的に見えるのは、脳が眼の網膜に映った像を手がかりにして外環境がどのようになっているかを推論しているからである。。やや哲学的な話になるが、いま目にしているこの世界（これを自分の外の環境という意味で「外環境」と呼ぶことにしよう） もまた、私たちの脳が推論した結果であるといえる。たとえば、網膜に映る像が平面的であるのに外環境が立体的に見えるのは、脳が眼の網膜に映った像を手がかりにして外環境...
脳は世界をどう見ているのか　知能の謎を解く「1000の脳」理論,知能は脳がつくる世界のモデルと密接につながっている。したがって、脳がどうやって知能をつくるのかを理解するには、単純な細胞からなる脳が、どうやって世界とそこにある万物のモデルを学ぶかを解明しなくてはならない。。知能は脳がつくる世界のモデルと密接につながっている。したがって、脳がどうやって知能をつくるのかを理解するには、単純な細胞からなる脳が、どうやって世界とそこにある万物のモデルを学ぶかを解明しなくてはならない。。生物も種はたいてい新しいものが出現すると古いものが消えるが、それとちがって脳は古い部位の上に新しい部位を加えることによって進化した。。生物も種はたいてい新しいものが出現すると古いものが...
自由になるための技術　リベラルアーツ,データ分析に基づいたロジックで戦略をつくるといった、まさにサイエンスを拠り所とした仕事で、「正しさ」に基づいて強い事業がつくれるんだと、ドグマのように信じて仕事をしていたわけです。でもふと立ち止まり、世の中を見たときに、「正しさは、もうコモディティだ」と思ったのです。正しさだけだと、もはや当たり前のこと、誰が考えても同じ結論になることしか提案できないと気づいたのです。。た。いま、なぜリベラルアーツが重要か──、野田さんの答えは「人間を理解するための知恵を与えてくれるから」というものでした。不確かな現代を生き抜くうえでは、人間というものをより深く理解することこそが「最重要のスキル」だという。質的...
良い戦略、悪い戦略 (日本経済新聞出版),良い戦略は必ずと言っていいほど、このように単純かつ明快である。パワーポイントを使って延々と説明する必要などまったくないし、「戦略マネジメント」ツールだとか、マトリクスやチャートといったものも無用だ。必要なのは目前の状況に潜む一つか二つの決定的な要素──すなわち、こちらの打つ手の効果が一気に高まるようなポイントをみきわめ、そこに狙いを絞り、手持ちのリソースと行動を集中すること、これに尽きる。。良い戦略には、とるべき行動の指針がすでに含まれている。こまかい実行手順が示されているわけではないが、やるべきことが明確になっている。「いま何をすべきか」がはっきりと実現可能な形で示されていない戦略は、欠陥品...
言語の本質　ことばはどう生まれ、進化したか (中公新書),本章では、オノマトペとは何かについて概観した。言語学者はオノマトペを「感覚イメージを写し取る、特徴的な形式を持ち、新たに作り出せる語」と定義するが、その中でも、とくに「写し取る」という特徴が鍵である。オノマトペは基本的に物事の一部分を「アイコン的」に写し取り、残りの部分を換喩的な連想で補う点が、絵や絵文字などとは根本的に異なると指摘した。。清濁の音象徴は、ポケモン（ポケットモンスター） の名前研究でも報告されている。体長の長いポケモンや体重の重いポケモンに濁音が多いほか、進化が進むにつれて名前に濁音を持ちやすくなることがわかっている。たとえば、「ヒトカゲ」というポケモンは進化すると「リザード」...
財閥のマネジメント史　誕生からバブル崩壊、令和まで (日本経済新聞出版),有能な人を、家柄を超えて取り立てていく仕組みが 18 世紀にはできていました。それが 足高 の制。八代将軍徳川吉宗の享保の改革（１７１６年から） で生まれた制度です。 足高とは何をするのか。役職は身分（家柄） とセットになっていて、同時に禄高ともセットになっています。したがって、身分は低いが有能な人を役職に就けようとすると、「禄高を上げなければならない（財政的負担）」「結果として家柄が上がったように見える（身分制度の崩壊）」という問題が生じます。このため、そう頻繁には抜擢人事ができません。 そこで、有能な人材を役職に就けている間だけ禄高を上げるという制度をつくりました。これが足高の制。財政...
賢さをつくる 頭はよくなる。よくなりたければ。,具体的な知識を受け取った際、それらをそのまま丸暗記するのではなく抽象度の高い概念にまとめあげることがインプット なのだ。。説明が上手な人は、抽象的なことを具体的に説明する「たとえ」や「比喩」が上手 なのだ。。思考とは、具体化と抽象化の往復運動である。 頭がよい人とは、具体化と抽象化の往復運動が得意な人 のことである。。どの抽象度で物事を考えるのかは、完全にあなたの自由である。。理想のビジョンである《右》の世界と、現場の《左》の世界がスムーズにつながる組織がよい組織 だ。
贈与の歴史学　儀礼と経済のあいだ (中公新書),日本の神仏は人に多くを要求することがなく、きわめて 慎ましい部類に属するといえよう。このように安上がりで微温的な信仰のあり方は、おそらく多神教に起因するところが小さくないと思われる。捨てる神あれば拾う神ありという神々の競合状態が、贈与額の高騰を抑制してきた面もあるにちがいない。。総じて土地や農業からの収益よりも、商業・流通・金融・貿易などに大きな比重を置いていたのが室町幕府財政の特徴であり、ここに前代の鎌倉幕府にはみられなかった、まさに経済先進地である京都に本拠地を占めたことからくる室町幕府の都市的性格があらわれている。
進化するブランド: オートポイエーシスと中動態の世界,他のブランドとの差別的価値、言い換えると相対的価値をブランドに託する西洋型、ブランド自体のもつ絶対的価値の蓄積を図る日本型という区分ができそうです。。他のブランドとの差別的価値、言い換えると相対的価値をブランドに託する西洋型、ブランド自体のもつ絶対的価値の蓄積を図る日本型という区分ができそうです。。進化するタイプのブランドの核心となるテーマは、「ブランドとしての同一性を保ちながらも、変容し続けること」にあります。。進化するタイプのブランドの核心となるテーマは、「ブランドとしての同一性を保ちながらも、変容し続けること」にあります。
遊びと利他 (集英社新書),批評家の若松英輔は空海の「自利利他」という言葉を引きながら、「自己を深めることと他者の救済は一つ」だと論じ。ところが、従来の公園と現代の公園では遊具も遊びも、三つの点でかなり変化していることを強く実感させられる。すなわち、①「人と遊びの分断」、②「危険性の排除」、③「管理と公平性」の点で従来の公園とは大きく異なっているのだ。。遊具はいまの公園遊具の「遊び」の感覚と異なり、古くは宗教の儀礼的側面があり、近代には体を鍛える富国強兵の理念とも結びついていたことがわかる。。法である。 １９５６年の都市公園法で、「三種の神器」と称されるブランコ、滑り台、砂場の設置が義務づけられ、これらの遊具は、いまで...
運　ドン・キホーテ創業者「最強の遺言」 (文春新書),すなわち、運のいい人とは「運を使い切れる人」であり、運の悪い人は「運を使い切れない人」あるいは「使いこなせない人」だと言える。。を「幸運の最大化と不運の最小化」（。私はこの計算式を野球に例えて、人生でもビジネスでも「打率と打点の交差主義比率」が最大値になるよう、常に意識して行動するようにしている。そうした 当たり前で合理的なことをブレずにやり続けることが、運を開く上での正攻法になる からだ。。私はこれまで、「戦略や戦術を語る前に、まずは戦闘モードを全開にせよ」と、口を酸っぱくして現場に、戦う姿勢の重要性を唱えてきた（いまだに唱え続けている）。。しかしそれは 自惚れた幻想に過ぎないことを、後...
運動しても痩せないのはなぜか：代謝の最新科学が示す「それでも運動すべき理由」,飢えという脅威に繰り返しさらされることから、毎日のエネルギー必要量を最小にするための適応が進んだ。オランウータンの代謝エンジンはゆっくり回転するよう進化し、エネルギーの消耗や死を回避するために燃料の節約が図られた。だが、その結果は厳しいものだった。成長と生殖はエネルギーを必要とするため、代謝率を下げるということは必然的に、ライフサイクルをゆっくりしたものにするからだ。これはつまり、自然災害や人災が生じるとオランウータンの個体数はなかなか回復しない、ということである。。飢えという脅威に繰り返しさらされることから、毎日のエネルギー必要量を最小にするための適応が進んだ。オランウータンの代謝エンジンは...
避けられた戦争　──一九二〇年代・日本の選択 (ちくま新書),つまり、実際の講和条約は、ウィルソンが新外交を提唱したにもかかわらず、英仏日が旧外交にこだわったため、新外交と旧外交の並存という結果になった。。日米開戦を予言する本が一九二〇年という早い時点の日本でベストセラーになったことの意味も考える必要がある。それは、当時の多くの日本人にとっては、第一次世界大戦の体験が、二度と繰り返してはならない悲劇の体験としてより、戦勝で獲得した利権を奪われた悔しい体験として受け止められていたことを意味しているのだろう。。ここで石橋は、満蒙の特殊権益を放棄しても、中国全土で自由な経済活動が可能になればその方がずっと大きな利益になると主張しているのであり、それは先の幣原の...
鎌倉殿と執権北条氏　義時はいかに朝廷を乗り越えたか (ＮＨＫ出版新書),伊豆国は太平洋に向って張り出す半島であり、大半の地域は交通の大動脈である東海道からはずれていた。しかも、沿岸部には山が迫り、中央部には 天城山 系の山々、その西側の 田 方 郡 には南から北に流れる 狩野川 流域に平地や盆地が広がっていた。こうした地理的な条件により、古来、伊豆国は中央政治から隔絶しやすく、都から政治犯が流される 流罪 の地として利用されてきた。。政子は義時追討を、「三代の将軍の 遺跡」幕府そのものへの攻撃であるかのごとく巧みにすり替えた。こうして幕府を構成する御家人たちの危機感を 煽ったのである。幕府解体の危機を突き付けられた御家人たちは、「鎌倉方」を選択するしかなかった。。...
風と共にゆとりぬ (文春文庫),心ない言葉を投げつけられたとしても、私は、それでも物語の中を生きていく主人公の姿を知っていた。そして、心ない言葉を投げつけるしかなかった人の頭の中を丁寧に描いてくれた作品だって、多くあった。フィクションの中とはいえ多くの言葉に触れていると、その言葉に現実世界で出会ったとき、それがたとえ巨大な悪意に満ちたものであったとしても、心に一枚、盾を張ることができていたような気がするのだ。
１９４０年体制（増補版）,それが大きく変わったのは、戦時体制下である。一九三八年に「国家総動員法」が作られ、それに基づいて、配当が制限され、また株主の権利が制約されて、従業員中心の組織に作り替えられた。これによって、従業員の共同体としての企業が形成されていった。。日本型企業や業者行政など、しばしば日本特有と考えられているものは、昔から存在していたのではなく、総力戦遂行という特定の目的のために導入されたものだった。金融も、自由な市場での直接金融方式から統制的な間接金融に変質した。。本書は、これに対して、現在の経済体制は日本の歴史においても特殊例外的であり、したがって原理的には変革可能であるという認識に立つ。。一九四〇年...
ＵＳＪを劇的に変えた、たった１つの考え方　成功を引き寄せるマーケティング入門 (角川書店単行本),マーケティングの最大の仕事は、消費者の頭の中に「選ばれる必然」を作ること、そのための活動を「ブランディング」と呼ぶ。。戦略が組織上層から末端まで下方展開されていくこと、これを「戦略のカスケード・ダウン」と言います。全社レベルの「目的→戦略→戦術」が下位組織である「本部」へと展開されるとき、全社レベルの戦略や戦術を各本部では目的や戦略として設定します。それを更にその下位組織である「部」へ、そして部の下の「課・チーム」へ、さらにその下の「個人」へ下方展開されていきます。全ての個人の業績目標を足し合わせると、会社の「目的→戦略→戦術」に 繫 がっていくように統制していくのです。こうやって大きな組織は...
ｍＲＮＡワクチンの衝撃　コロナ制圧と医療の未来,手がかりは、ウイルスの名前にあった。コロナウイルスという名称は、ウイルス表面から無数の突起（スパイク）が突き出た形状が、どことなく王冠（ラテン語でcorona）に似ていることからついたものだ。
